$SYS/broker/version,mosquitto version 2.0.18
$SYS/broker/uptime,6875 seconds
$SYS/broker/clients/total,3
$SYS/broker/clients/inactive,0
$SYS/broker/clients/disconnected,0
$SYS/broker/clients/active,3
$SYS/broker/clients/connected,3
$SYS/broker/clients/expired,0
$SYS/broker/clients/maximum,6
$SYS/broker/load/messages/received/1min,182097.84
$SYS/broker/load/messages/received/5min,981590.06
$SYS/broker/load/messages/received/15min,673666.86
$SYS/broker/load/messages/sent/1min,141059.45
$SYS/broker/load/messages/sent/5min,902027.35
$SYS/broker/load/messages/sent/15min,640970.70
$SYS/broker/load/publish/dropped/1min,0.00
$SYS/broker/load/publish/dropped/5min,0.00
$SYS/broker/load/publish/dropped/15min,0.00
$SYS/broker/load/publish/received/1min,182078.27
$SYS/broker/load/publish/received/5min,981522.34
$SYS/broker/load/publish/received/15min,670532.84
$SYS/broker/load/publish/sent/1min,141041.93
$SYS/broker/load/publish/sent/5min,901929.95
$SYS/broker/load/publish/sent/15min,631322.91
$SYS/broker/load/bytes/received/1min,4222828.07
$SYS/broker/load/bytes/received/5min,22872254.81
$SYS/broker/load/bytes/received/15min,15669537.71
$SYS/broker/load/bytes/sent/1min,3278756.75
$SYS/broker/load/bytes/sent/5min,21041573.14
$SYS/broker/load/bytes/sent/15min,14780447.17
$SYS/broker/load/sockets/1min,2.74
$SYS/broker/load/sockets/5min,0.81
$SYS/broker/load/sockets/15min,0.56
$SYS/broker/load/connections/1min,2.74
$SYS/broker/load/connections/5min,0.81
$SYS/broker/load/connections/15min,0.56
$SYS/broker/messages/stored,51
$SYS/broker/messages/received,42336850
$SYS/broker/messages/sent,45558454
$SYS/broker/store/messages/count,51
$SYS/broker/store/messages/bytes,331
$SYS/broker/subscriptions/count,12
$SYS/broker/shared_subscriptions/count,0
$SYS/broker/retained messages/count,51
$SYS/broker/publish/messages/dropped,0
$SYS/broker/publish/messages/received,40322890
$SYS/broker/publish/messages/sent,38568577
$SYS/broker/publish/bytes/received,256056858
$SYS/broker/publish/bytes/sent,245054169
$SYS/broker/bytes/received,959575196
$SYS/broker/bytes/sent,928840391
$SYS/broker/uptime,6886 seconds
$SYS/broker/clients/total,6
$SYS/broker/clients/active,6
$SYS/broker/clients/connected,6
$SYS/broker/load/messages/received/1min,391818.74
$SYS/broker/load/messages/sent/1min,357658.32
$SYS/broker/load/publish/received/1min,391646.21
$SYS/broker/load/publish/sent/1min,357552.36
$SYS/broker/load/bytes/received/1min,8936363.01
$SYS/broker/load/bytes/sent/1min,8152528.51
$SYS/broker/load/sockets/1min,5.02
$SYS/broker/load/connections/1min,5.02
$SYS/broker/load/messages/received/5min,997881.32
$SYS/broker/load/messages/sent/5min,921183.86
$SYS/broker/load/publish/received/5min,997782.47
$SYS/broker/load/publish/sent/5min,921070.34
$SYS/broker/load/bytes/received/5min,23213901.47
$SYS/broker/load/bytes/sent/5min,21449579.56
$SYS/broker/load/sockets/5min,1.37
$SYS/broker/load/connections/5min,1.37
$SYS/broker/load/messages/received/15min,682904.39
$SYS/broker/load/messages/sent/15min,650605.68
$SYS/broker/load/publish/received/15min,679797.11
$SYS/broker/load/publish/sent/15min,641068.47
$SYS/broker/load/bytes/received/15min,15872312.04
$SYS/broker/load/bytes/sent/15min,14994174.03
$SYS/broker/load/sockets/15min,0.75
$SYS/broker/load/connections/15min,0.75
$SYS/broker/store/messages/bytes,332
$SYS/broker/subscriptions/count,26
$SYS/broker/messages/received,42599767
$SYS/broker/messages/sent,45821391
$SYS/broker/publish/messages/received,40585636
$SYS/broker/publish/messages/sent,38831414
$SYS/broker/bytes/received,965508185
$SYS/broker/bytes/sent,934776452
$SYS/broker/publish/bytes/received,257522208
$SYS/broker/publish/bytes/sent,246520036
$SYS/broker/uptime,6897 seconds
$SYS/broker/load/messages/received/1min,646568.14
$SYS/broker/load/messages/sent/1min,618129.91
$SYS/broker/load/publish/received/1min,646424.51
$SYS/broker/load/publish/sent/1min,618041.70
$SYS/broker/load/bytes/received/1min,14808240.84
$SYS/broker/load/bytes/sent/1min,14155705.97
$SYS/broker/load/sockets/1min,4.18
$SYS/broker/load/connections/1min,4.18
$SYS/broker/load/messages/received/5min,1030814.48
$SYS/broker/load/messages/sent/5min,956878.32
$SYS/broker/load/publish/received/5min,1030719.18
$SYS/broker/load/publish/sent/5min,956768.89
$SYS/broker/load/bytes/received/5min,23961908.62
$SYS/broker/load/bytes/sent/5min,22261106.86
$SYS/broker/load/sockets/5min,1.32
$SYS/broker/load/connections/5min,1.32
$SYS/broker/load/messages/received/15min,697842.84
$SYS/broker/load/messages/sent/15min,665936.48
$SYS/broker/load/publish/received/15min,694773.30
$SYS/broker/load/publish/sent/15min,656515.13
$SYS/broker/load/bytes/received/15min,16213885.73
$SYS/broker/load/bytes/sent/15min,15346415.20
$SYS/broker/messages/stored,74
$SYS/broker/store/messages/count,74
$SYS/broker/store/messages/bytes,536
$SYS/broker/messages/received,42950415
$SYS/broker/messages/sent,46172039
$SYS/broker/publish/messages/received,40936284
$SYS/broker/publish/messages/sent,39182062
$SYS/broker/bytes/received,973573089
$SYS/broker/bytes/sent,942841356
$SYS/broker/publish/bytes/received,259626096
$SYS/broker/publish/bytes/sent,248623924
$SYS/broker/uptime,6908 seconds
$SYS/broker/load/messages/received/1min,863339.15
$SYS/broker/load/messages/sent/1min,839664.59
$SYS/broker/load/publish/received/1min,863219.58
$SYS/broker/load/publish/sent/1min,839591.16
$SYS/broker/load/bytes/received/1min,19804498.12
$SYS/broker/load/bytes/sent/1min,19261268.97
$SYS/broker/load/sockets/1min,3.48
$SYS/broker/load/connections/1min,3.48
$SYS/broker/load/messages/received/5min,1063570.94
$SYS/broker/load/messages/sent/5min,992296.68
$SYS/broker/load/publish/received/5min,1063479.07
$SYS/broker/load/publish/sent/5min,992191.18
$SYS/broker/load/bytes/received/5min,24706192.31
$SYS/broker/load/bytes/sent/5min,23066623.82
$SYS/broker/load/sockets/5min,1.27
$SYS/broker/load/connections/5min,1.27
$SYS/broker/load/messages/received/15min,712940.26
$SYS/broker/load/messages/sent/15min,681421.50
$SYS/broker/load/publish/received/15min,709908.02
$SYS/broker/load/publish/sent/15min,672114.60
$SYS/broker/load/bytes/received/15min,16559140.36
$SYS/broker/load/bytes/sent/15min,15702207.72
$SYS/broker/messages/stored,106
$SYS/broker/store/messages/count,106
$SYS/broker/store/messages/bytes,817
$SYS/broker/messages/received,43306201
$SYS/broker/messages/sent,46527825
$SYS/broker/publish/messages/received,41292070
$SYS/broker/publish/messages/sent,39537848
$SYS/broker/bytes/received,981756167
$SYS/broker/bytes/sent,951024434
$SYS/broker/publish/bytes/received,261760812
$SYS/broker/publish/bytes/sent,250758640
$SYS/broker/uptime,6919 seconds
$SYS/broker/load/messages/received/1min,1046196.50
$SYS/broker/load/messages/sent/1min,1026487.65
$SYS/broker/load/publish/received/1min,1046096.96
$SYS/broker/load/publish/sent/1min,1026426.52
$SYS/broker/load/bytes/received/1min,24318289.53
$SYS/broker/load/bytes/sent/1min,23866056.36
$SYS/broker/load/sockets/1min,2.90
$SYS/broker/load/connections/1min,2.90
$SYS/broker/load/messages/received/5min,1095663.38
$SYS/broker/load/messages/sent/5min,1026955.18
$SYS/broker/load/publish/received/5min,1095574.82
$SYS/broker/load/publish/sent/5min,1026853.48
$SYS/broker/load/bytes/received/5min,25499862.26
$SYS/broker/load/bytes/sent/5min,23919322.47
$SYS/broker/load/sockets/5min,1.23
$SYS/broker/load/connections/5min,1.23
$SYS/broker/load/messages/received/15min,728028.16
$SYS/broker/load/messages/sent/15min,696892.28
$SYS/broker/load/publish/received/15min,725032.75
$SYS/broker/load/publish/sent/15min,687698.43
$SYS/broker/load/bytes/received/15min,16925906.03
$SYS/broker/load/bytes/sent/15min,16079383.25
$SYS/broker/messages/stored,140
$SYS/broker/store/messages/count,140
$SYS/broker/store/messages/bytes,1104
$SYS/broker/messages/received,43664611
$SYS/broker/messages/sent,46886235
$SYS/broker/publish/messages/received,41650480
$SYS/broker/publish/messages/sent,39896258
$SYS/broker/bytes/received,990327183
$SYS/broker/bytes/sent,959595450
$SYS/broker/publish/bytes/received,264238858
$SYS/broker/publish/bytes/sent,253236686
$SYS/broker/uptime,6930 seconds
$SYS/broker/load/messages/received/1min,1237742.24
$SYS/broker/load/messages/sent/1min,1221334.81
$SYS/broker/load/publish/received/1min,1237659.38
$SYS/broker/load/publish/sent/1min,1221283.92
$SYS/broker/load/bytes/received/1min,29047791.23
$SYS/broker/load/bytes/sent/1min,28671311.36
$SYS/broker/load/sockets/1min,2.41
$SYS/broker/load/connections/1min,2.41
$SYS/broker/load/messages/received/5min,1135051.14
$SYS/broker/load/messages/sent/5min,1068816.61
$SYS/broker/load/publish/received/5min,1134965.77
$SYS/broker/load/publish/sent/5min,1068718.57
$SYS/broker/load/bytes/received/5min,26473828.55
$SYS/broker/load/bytes/sent/5min,24950192.28
$SYS/broker/load/sockets/5min,1.18
$SYS/broker/load/connections/5min,1.18
$SYS/broker/load/messages/received/15min,745784.17
$SYS/broker/load/messages/sent/15min,715026.53
$SYS/broker/load/publish/received/15min,742825.15
$SYS/broker/load/publish/sent/15min,705944.37
$SYS/broker/load/bytes/received/15min,17358692.45
$SYS/broker/load/bytes/sent/15min,16522453.09
$SYS/broker/messages/stored,174
$SYS/broker/store/messages/count,174
$SYS/broker/store/messages/bytes,1392
$SYS/broker/messages/received,44066054
$SYS/broker/messages/sent,47287678
$SYS/broker/publish/messages/received,42051923
$SYS/broker/publish/messages/sent,40297701
$SYS/broker/bytes/received,999961815
$SYS/broker/bytes/sent,969230082
$SYS/broker/publish/bytes/received,267048959
$SYS/broker/publish/bytes/sent,256046787
$SYS/broker/uptime,6941 seconds
$SYS/broker/load/messages/received/1min,1411682.40
$SYS/broker/load/messages/sent/1min,1398023.37
$SYS/broker/load/publish/received/1min,1411609.76
$SYS/broker/load/publish/sent/1min,1397977.34
$SYS/broker/load/bytes/received/1min,33332499.48
$SYS/broker/load/bytes/sent/1min,33019083.52
$SYS/broker/load/sockets/1min,2.01
$SYS/broker/load/connections/1min,2.01
$SYS/broker/load/messages/received/5min,1176133.03
$SYS/broker/load/messages/sent/5min,1112283.11
$SYS/broker/load/publish/received/5min,1176049.94
$SYS/broker/load/publish/sent/5min,1112187.82
$SYS/broker/load/bytes/received/5min,27487404.91
$SYS/broker/load/bytes/sent/5min,26018623.49
$SYS/broker/load/sockets/5min,1.14
$SYS/broker/load/connections/5min,1.14
$SYS/broker/load/messages/received/15min,764374.59
$SYS/broker/load/messages/sent/15min,733990.59
$SYS/broker/load/publish/received/15min,761451.25
$SYS/broker/load/publish/sent/15min,725018.49
$SYS/broker/load/bytes/received/15min,17811418.09
$SYS/broker/load/bytes/sent/15min,16985337.23
$SYS/broker/messages/stored,208
$SYS/broker/store/messages/count,208
$SYS/broker/store/messages/bytes,1680
$SYS/broker/messages/received,44483345
$SYS/broker/messages/sent,47704969
$SYS/broker/publish/messages/received,42469210
$SYS/broker/publish/messages/sent,40714988
$SYS/broker/bytes/received,1009976711
$SYS/broker/bytes/sent,979244978
$SYS/broker/publish/bytes/received,269969968
$SYS/broker/publish/bytes/sent,258967796
$SYS/broker/uptime,6952 seconds
$SYS/broker/load/messages/received/1min,1539454.81
$SYS/broker/load/messages/sent/1min,1528066.43
$SYS/broker/load/publish/received/1min,1538953.02
$SYS/broker/load/publish/sent/1min,1527799.70
$SYS/broker/load/bytes/received/1min,36078367.96
$SYS/broker/load/bytes/sent/1min,35825151.76
$SYS/broker/load/sockets/1min,1.67
$SYS/broker/load/connections/1min,1.67
$SYS/broker/load/messages/received/5min,1212075.38
$SYS/broker/load/messages/sent/5min,1150520.49
$SYS/broker/load/publish/received/5min,1211900.44
$SYS/broker/load/publish/sent/5min,1150379.53
$SYS/broker/load/bytes/received/5min,28288009.55
$SYS/broker/load/bytes/sent/5min,26873762.93
$SYS/broker/load/sockets/5min,1.10
$SYS/broker/load/connections/5min,1.10
$SYS/broker/load/messages/received/15min,781504.08
$SYS/broker/load/messages/sent/15min,751487.92
$SYS/broker/load/publish/received/15min,778584.24
$SYS/broker/load/publish/sent/15min,742608.24
$SYS/broker/load/bytes/received/15min,18199096.88
$SYS/broker/load/bytes/sent/15min,17383609.49
$SYS/broker/messages/stored,51
$SYS/broker/store/messages/count,51
$SYS/broker/store/messages/bytes,344
$SYS/broker/messages/received,44881996
$SYS/broker/messages/sent,48103620
$SYS/broker/publish/messages/received,42867378
$SYS/broker/publish/messages/sent,41113389
$SYS/broker/bytes/received,1019092929
$SYS/broker/bytes/sent,988370571
$SYS/broker/publish/bytes/received,272315375
$SYS/broker/publish/bytes/sent,261315006
$SYS/broker/uptime,6963 seconds
$SYS/broker/load/messages/received/1min,1661147.59
$SYS/broker/load/messages/sent/1min,1651666.88
$SYS/broker/load/publish/received/1min,1660729.86
$SYS/broker/load/publish/sent/1min,1651444.82
$SYS/broker/load/bytes/received/1min,38764918.73
$SYS/broker/load/bytes/sent/1min,38554118.62
$SYS/broker/load/sockets/1min,1.39
$SYS/broker/load/connections/1min,1.39
$SYS/broker/load/messages/received/5min,1250017.16
$SYS/broker/load/messages/sent/5min,1190678.41
$SYS/broker/load/publish/received/5min,1249848.52
$SYS/broker/load/publish/sent/5min,1190542.53
$SYS/broker/load/bytes/received/5min,29145899.64
$SYS/broker/load/bytes/sent/5min,27782569.55
$SYS/broker/load/sockets/5min,1.06
$SYS/broker/load/connections/5min,1.06
$SYS/broker/load/messages/received/15min,799536.73
$SYS/broker/load/messages/sent/15min,769885.21
$SYS/broker/load/publish/received/15min,796652.37
$SYS/broker/load/publish/sent/15min,761113.40
$SYS/broker/load/bytes/received/15min,18611120.82
$SYS/broker/load/bytes/sent/15min,17805539.84
$SYS/broker/messages/stored,74
$SYS/broker/store/messages/count,74
$SYS/broker/store/messages/bytes,557
$SYS/broker/messages/received,45297418
$SYS/broker/messages/sent,48519042
$SYS/broker/publish/messages/received,43282800
$SYS/broker/publish/messages/sent,41528811
$SYS/broker/bytes/received,1028647635
$SYS/broker/bytes/sent,997925277
$SYS/broker/publish/bytes/received,274807907
$SYS/broker/publish/bytes/sent,263807538
$SYS/broker/uptime,6974 seconds
$SYS/broker/load/messages/received/1min,1756110.13
$SYS/broker/load/messages/sent/1min,1748217.53
$SYS/broker/load/publish/received/1min,1755762.38
$SYS/broker/load/publish/sent/1min,1748032.67
$SYS/broker/load/bytes/received/1min,40996695.85
$SYS/broker/load/bytes/sent/1min,40821206.74
$SYS/broker/load/sockets/1min,1.16
$SYS/broker/load/connections/1min,1.16
$SYS/broker/load/messages/received/5min,1285229.10
$SYS/broker/load/messages/sent/5min,1228026.70
$SYS/broker/load/publish/received/5min,1285066.53
$SYS/broker/load/publish/sent/5min,1227895.71
$SYS/broker/load/bytes/received/5min,29971882.29
$SYS/broker/load/bytes/sent/5min,28657635.62
$SYS/broker/load/sockets/5min,1.02
$SYS/broker/load/connections/5min,1.02
$SYS/broker/load/messages/received/15min,816890.15
$SYS/broker/load/messages/sent/15min,787598.83
$SYS/broker/load/publish/received/15min,814040.83
$SYS/broker/load/publish/sent/15min,778933.58
$SYS/broker/load/bytes/received/15min,19017795.00
$SYS/broker/load/bytes/sent/15min,18222000.09
$SYS/broker/messages/stored,108
$SYS/broker/store/messages/count,108
$SYS/broker/store/messages/bytes,845
$SYS/broker/messages/received,45705895
$SYS/broker/messages/sent,48927519
$SYS/broker/publish/messages/received,43691277
$SYS/broker/publish/messages/sent,41937288
$SYS/broker/bytes/received,1038197141
$SYS/broker/bytes/sent,1007474783
$SYS/broker/publish/bytes/received,277413304
$SYS/broker/publish/bytes/sent,266412935
$SYS/broker/uptime,6985 seconds
$SYS/broker/load/messages/received/1min,1821891.50
$SYS/broker/load/messages/sent/1min,1815320.98
$SYS/broker/load/publish/received/1min,1821602.00
$SYS/broker/load/publish/sent/1min,1815167.09
$SYS/broker/load/bytes/received/1min,42768075.73
$SYS/broker/load/bytes/sent/1min,42621982.69
$SYS/broker/load/sockets/1min,0.96
$SYS/broker/load/connections/1min,0.96
$SYS/broker/load/messages/received/5min,1316320.35
$SYS/broker/load/messages/sent/5min,1261177.38
$SYS/broker/load/publish/received/5min,1316163.63
$SYS/broker/load/publish/sent/5min,1261051.11
$SYS/broker/load/bytes/received/5min,30749524.58
$SYS/broker/load/bytes/sent/5min,29482594.18
$SYS/broker/load/sockets/5min,0.98
$SYS/broker/load/connections/5min,0.98
$SYS/broker/load/messages/received/15min,833070.13
$SYS/broker/load/messages/sent/15min,804134.63
$SYS/broker/load/publish/received/15min,830255.42
$SYS/broker/load/publish/sent/15min,795574.65
$SYS/broker/load/bytes/received/15min,19413252.08
$SYS/broker/load/bytes/sent/15min,18627124.35
$SYS/broker/messages/stored,142
$SYS/broker/store/messages/count,142
$SYS/broker/store/messages/bytes,1134
$SYS/broker/messages/received,46099844
$SYS/broker/messages/sent,49321468
$SYS/broker/publish/messages/received,44085226
$SYS/broker/publish/messages/sent,42331237
$SYS/broker/bytes/received,1047651917
$SYS/broker/bytes/sent,1016929559
$SYS/broker/publish/bytes/received,280170947
$SYS/broker/publish/bytes/sent,269170578
$SYS/broker/uptime,6996 seconds
$SYS/broker/load/messages/received/1min,1889910.57
$SYS/broker/load/messages/sent/1min,1884440.67
$SYS/broker/load/publish/received/1min,1889669.56
$SYS/broker/load/publish/sent/1min,1884312.56
$SYS/broker/load/bytes/received/1min,44560893.48
$SYS/broker/load/bytes/sent/1min,44439272.40
$SYS/broker/load/sockets/1min,0.80
$SYS/broker/load/connections/1min,0.80
$SYS/broker/load/messages/received/5min,1349141.47
$SYS/broker/load/messages/sent/5min,1295983.79
$SYS/broker/load/publish/received/5min,1348990.39
$SYS/broker/load/publish/sent/5min,1295862.06
$SYS/broker/load/bytes/received/5min,31567551.60
$SYS/broker/load/bytes/sent/5min,30346233.97
$SYS/broker/load/sockets/5min,0.95
$SYS/broker/load/connections/5min,0.95
$SYS/broker/load/messages/received/15min,850014.93
$SYS/broker/load/messages/sent/15min,821430.93
$SYS/broker/load/publish/received/15min,847234.41
$SYS/broker/load/publish/sent/15min,812974.94
$SYS/broker/load/bytes/received/15min,19826978.32
$SYS/broker/load/bytes/sent/15min,19050400.34
$SYS/broker/messages/stored,176
$SYS/broker/store/messages/count,176
$SYS/broker/store/messages/bytes,1424
$SYS/broker/messages/received,46508302
$SYS/broker/messages/sent,49729926
$SYS/broker/publish/messages/received,44493684
$SYS/broker/publish/messages/sent,42739695
$SYS/broker/bytes/received,1057454909
$SYS/broker/bytes/sent,1026732551
$SYS/broker/publish/bytes/received,283030153
$SYS/broker/publish/bytes/sent,272029784
$SYS/broker/uptime,7007 seconds
$SYS/broker/load/messages/received/1min,1961989.00
$SYS/broker/load/messages/sent/1min,1957435.36
$SYS/broker/load/publish/received/1min,1961784.71
$SYS/broker/load/publish/sent/1min,1957325.06
$SYS/broker/load/bytes/received/1min,46424193.77
$SYS/broker/load/bytes/sent/1min,46322945.36
$SYS/broker/load/sockets/1min,0.67
$SYS/broker/load/connections/1min,0.67
$SYS/broker/load/messages/received/5min,1384102.29
$SYS/broker/load/messages/sent/5min,1332858.42
$SYS/broker/load/publish/received/5min,1383955.86
$SYS/broker/load/publish/sent/5min,1332740.29
$SYS/broker/load/bytes/received/5min,32435822.34
$SYS/broker/load/bytes/sent/5min,31258475.30
$SYS/broker/load/sockets/5min,0.92
$SYS/broker/load/connections/5min,0.92
$SYS/broker/load/messages/received/15min,867874.56
$SYS/broker/load/messages/sent/15min,839637.80
$SYS/broker/load/publish/received/15min,865127.56
$SYS/broker/load/publish/sent/15min,831284.26
$SYS/broker/load/bytes/received/15min,20262568.95
$SYS/broker/load/bytes/sent/15min,19495424.71
$SYS/broker/messages/stored,210
$SYS/broker/store/messages/count,210
$SYS/broker/store/messages/bytes,1714
$SYS/broker/messages/received,46933673
$SYS/broker/messages/sent,50155297
$SYS/broker/publish/messages/received,44919051
$SYS/broker/publish/messages/sent,43165062
$SYS/broker/bytes/received,1067663725
$SYS/broker/bytes/sent,1036941367
$SYS/broker/publish/bytes/received,286007722
$SYS/broker/publish/bytes/sent,275007353
$SYS/broker/uptime,7018 seconds
$SYS/broker/load/messages/received/1min,1994810.50
$SYS/broker/load/messages/sent/1min,1991002.28
$SYS/broker/load/publish/received/1min,1994206.43
$SYS/broker/load/publish/sent/1min,1990685.68
$SYS/broker/load/bytes/received/1min,46859140.86
$SYS/broker/load/bytes/sent/1min,46782395.91
$SYS/broker/load/sockets/1min,0.56
$SYS/broker/load/connections/1min,0.56
$SYS/broker/load/messages/received/5min,1411961.99
$SYS/broker/load/messages/sent/5min,1362559.30
$SYS/broker/load/publish/received/5min,1411727.55
$SYS/broker/load/publish/sent/5min,1362397.11
$SYS/broker/load/bytes/received/5min,33032922.52
$SYS/broker/load/bytes/sent/5min,31899584.32
$SYS/broker/load/sockets/5min,0.88
$SYS/broker/load/connections/5min,0.88
$SYS/broker/load/messages/received/15min,883545.91
$SYS/broker/load/messages/sent/15min,855650.90
$SYS/broker/load/publish/received/15min,880800.80
$SYS/broker/load/publish/sent/15min,847382.54
$SYS/broker/load/bytes/received/15min,20611918.54
$SYS/broker/load/bytes/sent/15min,19854640.49
$SYS/broker/messages/stored,51
$SYS/broker/store/messages/count,51
$SYS/broker/store/messages/bytes,345
$SYS/broker/messages/received,47329293
$SYS/broker/messages/sent,50550917
$SYS/broker/publish/messages/received,45314196
$SYS/broker/publish/messages/sent,43560436
$SYS/broker/bytes/received,1076650862
$SYS/broker/bytes/sent,1045937708
$SYS/broker/publish/bytes/received,288275471
$SYS/broker/publish/bytes/sent,277276893
$SYS/broker/uptime,7029 seconds
$SYS/broker/load/messages/received/1min,2036298.99
$SYS/broker/load/messages/sent/1min,2033128.68
$SYS/broker/load/publish/received/1min,2035796.11
$SYS/broker/load/publish/sent/1min,2032865.12
$SYS/broker/load/bytes/received/1min,47649468.28
$SYS/broker/load/bytes/sent/1min,47585578.83
$SYS/broker/load/sockets/1min,0.46
$SYS/broker/load/connections/1min,0.46
$SYS/broker/load/messages/received/5min,1441863.11
$SYS/broker/load/messages/sent/5min,1394239.05
$SYS/broker/load/publish/received/5min,1441637.12
$SYS/broker/load/publish/sent/5min,1394082.70
$SYS/broker/load/bytes/received/5min,33700566.23
$SYS/broker/load/bytes/sent/5min,32608031.13
$SYS/broker/load/sockets/5min,0.85
$SYS/broker/load/connections/5min,0.85
$SYS/broker/load/messages/received/15min,900054.13
$SYS/broker/load/messages/sent/15min,872497.98
$SYS/broker/load/publish/received/15min,897342.36
$SYS/broker/load/publish/sent/15min,864330.06
$SYS/broker/load/bytes/received/15min,20988080.24
$SYS/broker/load/bytes/sent/15min,20240001.48
$SYS/broker/messages/stored,74
$SYS/broker/store/messages/count,74
$SYS/broker/store/messages/bytes,558
$SYS/broker/messages/received,47740416
$SYS/broker/messages/sent,50962040
$SYS/broker/publish/messages/received,45725319
$SYS/broker/publish/messages/sent,43971559
$SYS/broker/bytes/received,1086106691
$SYS/broker/bytes/sent,1055393537
$SYS/broker/publish/bytes/received,290742209
$SYS/broker/publish/bytes/sent,279743631
$SYS/broker/uptime,7040 seconds
$SYS/broker/load/messages/received/1min,2074770.28
$SYS/broker/load/messages/sent/1min,2072131.03
$SYS/broker/load/publish/received/1min,2074351.63
$SYS/broker/load/publish/sent/1min,2071911.61
$SYS/broker/load/bytes/received/1min,48593095.69
$SYS/broker/load/bytes/sent/1min,48539908.33
$SYS/broker/load/sockets/1min,0.39
$SYS/broker/load/connections/1min,0.39
$SYS/broker/load/messages/received/5min,1471532.92
$SYS/broker/load/messages/sent/5min,1425623.45
$SYS/broker/load/publish/received/5min,1471315.07
$SYS/broker/load/publish/sent/5min,1425472.73
$SYS/broker/load/bytes/received/5min,34405575.44
$SYS/broker/load/bytes/sent/5min,33352374.43
$SYS/broker/load/sockets/5min,0.82
$SYS/broker/load/connections/5min,0.82
$SYS/broker/load/messages/received/15min,916646.99
$SYS/broker/load/messages/sent/15min,889425.59
$SYS/broker/load/publish/received/15min,913968.17
$SYS/broker/load/publish/sent/15min,881356.90
$SYS/broker/load/bytes/received/15min,21380390.52
$SYS/broker/load/bytes/sent/15min,20641399.30
$SYS/broker/messages/stored,108
$SYS/broker/store/messages/count,108
$SYS/broker/store/messages/bytes,847
$SYS/broker/messages/received,48155843
$SYS/broker/messages/sent,51377467
$SYS/broker/publish/messages/received,46140746
$SYS/broker/publish/messages/sent,44386986
$SYS/broker/bytes/received,1095875195
$SYS/broker/bytes/sent,1065162041
$SYS/broker/publish/bytes/received,293448454
$SYS/broker/publish/bytes/sent,282449876
$SYS/broker/uptime,7051 seconds
$SYS/broker/load/messages/received/1min,2109274.27
$SYS/broker/load/messages/sent/1min,2107077.12
$SYS/broker/load/publish/received/1min,2108925.75
$SYS/broker/load/publish/sent/1min,2106894.46
$SYS/broker/load/bytes/received/1min,49622435.81
$SYS/broker/load/bytes/sent/1min,49578157.83
$SYS/broker/load/sockets/1min,0.32
$SYS/broker/load/connections/1min,0.32
$SYS/broker/load/messages/received/5min,1500666.93
$SYS/broker/load/messages/sent/5min,1456410.32
$SYS/broker/load/publish/received/5min,1500456.92
$SYS/broker/load/publish/sent/5min,1456265.03
$SYS/broker/load/bytes/received/5min,35137597.66
$SYS/broker/load/bytes/sent/5min,34122314.61
$SYS/broker/load/sockets/5min,0.79
$SYS/broker/load/connections/5min,0.79
$SYS/broker/load/messages/received/15min,933217.92
$SYS/broker/load/messages/sent/15min,906327.21
$SYS/broker/load/publish/received/15min,930571.64
$SYS/broker/load/publish/sent/15min,898356.53
$SYS/broker/load/bytes/received/15min,21785614.03
$SYS/broker/load/bytes/sent/15min,21055599.95
$SYS/broker/messages/stored,142
$SYS/broker/store/messages/count,142
$SYS/broker/store/messages/bytes,1136
$SYS/broker/messages/received,48573981
$SYS/broker/messages/sent,51795605
$SYS/broker/publish/messages/received,46558884
$SYS/broker/publish/messages/sent,44805124
$SYS/broker/bytes/received,1105910507
$SYS/broker/bytes/sent,1075197353
$SYS/broker/publish/bytes/received,296375420
$SYS/broker/publish/bytes/sent,285376842
$SYS/broker/uptime,7062 seconds
$SYS/broker/load/messages/received/1min,2134449.76
$SYS/broker/load/messages/sent/1min,2132620.65
$SYS/broker/load/publish/received/1min,2134159.62
$SYS/broker/load/publish/sent/1min,2132468.59
$SYS/broker/load/bytes/received/1min,50394181.50
$SYS/broker/load/bytes/sent/1min,50357320.50
$SYS/broker/load/sockets/1min,0.27
$SYS/broker/load/connections/1min,0.27
$SYS/broker/load/messages/received/5min,1527989.30
$SYS/broker/load/messages/sent/5min,1485326.05
$SYS/broker/load/publish/received/5min,1527786.85
$SYS/broker/load/publish/sent/5min,1485185.98
$SYS/broker/load/bytes/received/5min,35824959.63
$SYS/broker/load/bytes/sent/5min,34846229.40
$SYS/broker/load/sockets/5min,0.76
$SYS/broker/load/connections/5min,0.76
$SYS/broker/load/messages/received/15min,949330.19
$SYS/broker/load/messages/sent/15min,922766.14
$SYS/broker/load/publish/received/15min,946716.06
$SYS/broker/load/publish/sent/15min,914892.29
$SYS/broker/load/bytes/received/15min,22179738.37
$SYS/broker/load/bytes/sent/15min,21458592.38
$SYS/broker/messages/stored,176
$SYS/broker/store/messages/count,176
$SYS/broker/store/messages/bytes,1426
$SYS/broker/messages/received,48988235
$SYS/broker/messages/sent,52209859
$SYS/broker/publish/messages/received,46973138
$SYS/broker/publish/messages/sent,45219378
$SYS/broker/bytes/received,1115852603
$SYS/broker/bytes/sent,1085139449
$SYS/broker/publish/bytes/received,299275198
$SYS/broker/publish/bytes/sent,288276620
$SYS/broker/uptime,7073 seconds
$SYS/broker/load/messages/received/1min,2160885.68
$SYS/broker/load/messages/sent/1min,2159349.25
$SYS/broker/load/publish/received/1min,2160272.27
$SYS/broker/load/publish/sent/1min,2159025.31
$SYS/broker/load/bytes/received/1min,51086441.20
$SYS/broker/load/bytes/sent/1min,51061966.93
$SYS/broker/load/sockets/1min,0.22
$SYS/broker/load/connections/1min,0.22
$SYS/broker/load/messages/received/5min,1555505.29
$SYS/broker/load/messages/sent/5min,1514375.07
$SYS/broker/load/publish/received/5min,1555230.20
$SYS/broker/load/publish/sent/5min,1514197.63
$SYS/broker/load/bytes/received/5min,36498275.81
$SYS/broker/load/bytes/sent/5min,35556117.57
$SYS/broker/load/sockets/5min,0.73
$SYS/broker/load/connections/5min,0.73
$SYS/broker/load/messages/received/15min,965643.97
$SYS/broker/load/messages/sent/15min,939401.62
$SYS/broker/load/publish/received/15min,963034.62
$SYS/broker/load/publish/sent/15min,931609.11
$SYS/broker/load/bytes/received/15min,22572685.64
$SYS/broker/load/bytes/sent/15min,21860750.52
$SYS/broker/messages/stored,55
$SYS/broker/store/messages/count,55
$SYS/broker/store/messages/bytes,353
$SYS/broker/messages/received,49408484
$SYS/broker/messages/sent,52630108
$SYS/broker/publish/messages/received,47392980
$SYS/broker/publish/messages/sent,45639411
$SYS/broker/bytes/received,1125849191
$SYS/broker/bytes/sent,1095143581
$SYS/broker/publish/bytes/received,302132829
$SYS/broker/publish/bytes/sent,291135723
$SYS/broker/uptime,7084 seconds
$SYS/broker/load/messages/received/1min,2181086.97
$SYS/broker/load/messages/sent/1min,2179807.91
$SYS/broker/load/publish/received/1min,2180576.31
$SYS/broker/load/publish/sent/1min,2179538.23
$SYS/broker/load/bytes/received/1min,51163116.44
$SYS/broker/load/bytes/sent/1min,51142741.84
$SYS/broker/load/sockets/1min,0.19
$SYS/broker/load/connections/1min,0.19
$SYS/broker/load/messages/received/5min,1581642.39
$SYS/broker/load/messages/sent/5min,1541992.96
$SYS/broker/load/publish/received/5min,1581377.20
$SYS/broker/load/publish/sent/5min,1541821.91
$SYS/broker/load/bytes/received/5min,37039967.20
$SYS/broker/load/bytes/sent/5min,36131729.09
$SYS/broker/load/sockets/5min,0.71
$SYS/broker/load/connections/5min,0.71
$SYS/broker/load/messages/received/15min,981628.57
$SYS/broker/load/messages/sent/15min,955705.01
$SYS/broker/load/publish/received/15min,979050.92
$SYS/broker/load/publish/sent/15min,948007.16
$SYS/broker/load/bytes/received/15min,22924626.53
$SYS/broker/load/bytes/sent/15min,22221339.88
$SYS/broker/messages/stored,78
$SYS/broker/store/messages/count,78
$SYS/broker/store/messages/bytes,566
$SYS/broker/messages/received,49826756
$SYS/broker/messages/sent,53048380
$SYS/broker/publish/messages/received,47811252
$SYS/broker/publish/messages/sent,46057683
$SYS/broker/bytes/received,1135298957
$SYS/broker/bytes/sent,1104593347
$SYS/broker/publish/bytes/received,304471971
$SYS/broker/publish/bytes/sent,293474865
$SYS/broker/uptime,7095 seconds
$SYS/broker/load/messages/received/1min,2224203.93
$SYS/broker/load/messages/sent/1min,2223139.13
$SYS/broker/load/publish/received/1min,2223778.82
$SYS/broker/load/publish/sent/1min,2222914.62
$SYS/broker/load/bytes/received/1min,51987612.86
$SYS/broker/load/bytes/sent/1min,51970651.20
$SYS/broker/load/sockets/1min,0.15
$SYS/broker/load/connections/1min,0.15
$SYS/broker/load/messages/received/5min,1612491.02
$SYS/broker/load/messages/sent/5min,1574269.08
$SYS/broker/load/publish/received/5min,1612235.38
$SYS/broker/load/publish/sent/5min,1574104.19
$SYS/broker/load/bytes/received/5min,37725645.09
$SYS/broker/load/bytes/sent/5min,36850105.90
$SYS/broker/load/sockets/5min,0.68
$SYS/broker/load/connections/5min,0.68
$SYS/broker/load/messages/received/15min,999326.25
$SYS/broker/load/messages/sent/15min,973717.60
$SYS/broker/load/publish/received/15min,996779.92
$SYS/broker/load/publish/sent/15min,966113.26
$SYS/broker/load/bytes/received/15min,23327455.77
$SYS/broker/load/bytes/sent/15min,22632712.53
$SYS/broker/messages/stored,112
$SYS/broker/store/messages/count,112
$SYS/broker/store/messages/bytes,855
$SYS/broker/messages/received,50273812
$SYS/broker/messages/sent,53495436
$SYS/broker/publish/messages/received,48258308
$SYS/broker/publish/messages/sent,46504739
$SYS/broker/bytes/received,1145581245
$SYS/broker/bytes/sent,1114875635
$SYS/broker/publish/bytes/received,307154307
$SYS/broker/publish/bytes/sent,296157201
$SYS/broker/uptime,7106 seconds
$SYS/broker/load/messages/received/1min,2235931.37
$SYS/broker/load/messages/sent/1min,2235044.93
$SYS/broker/load/publish/received/1min,2235577.46
$SYS/broker/load/publish/sent/1min,2234858.03
$SYS/broker/load/bytes/received/1min,52118156.56
$SYS/broker/load/bytes/sent/1min,52104036.13
$SYS/broker/load/sockets/1min,0.13
$SYS/broker/load/connections/1min,0.13
$SYS/broker/load/messages/received/5min,1637034.83
$SYS/broker/load/messages/sent/5min,1600188.97
$SYS/broker/load/publish/received/5min,1636788.39
$SYS/broker/load/publish/sent/5min,1600030.02
$SYS/broker/load/bytes/received/5min,38267170.41
$SYS/broker/load/bytes/sent/5min,37423152.89
$SYS/broker/load/sockets/5min,0.66
$SYS/broker/load/connections/5min,0.66
$SYS/broker/load/messages/received/15min,1015056.34
$SYS/broker/load/messages/sent/15min,989758.78
$SYS/broker/load/publish/received/15min,1012540.94
$SYS/broker/load/publish/sent/15min,982246.82
$SYS/broker/load/bytes/received/15min,23685081.68
$SYS/broker/load/bytes/sent/15min,22998778.06
$SYS/broker/messages/stored,146
$SYS/broker/store/messages/count,146
$SYS/broker/store/messages/bytes,1146
$SYS/broker/messages/received,50694418
$SYS/broker/messages/sent,53916042
$SYS/broker/publish/messages/received,48678914
$SYS/broker/publish/messages/sent,46925345
$SYS/broker/bytes/received,1155255183
$SYS/broker/bytes/sent,1124549573
$SYS/broker/publish/bytes/received,309677943
$SYS/broker/publish/bytes/sent,298680837
$SYS/broker/uptime,7117 seconds
$SYS/broker/load/messages/received/1min,2266086.03
$SYS/broker/load/messages/sent/1min,2265348.08
$SYS/broker/load/publish/received/1min,2265791.40
$SYS/broker/load/publish/sent/1min,2265192.48
$SYS/broker/load/bytes/received/1min,52695841.58
$SYS/broker/load/bytes/sent/1min,52684086.46
$SYS/broker/load/sockets/1min,0.11
$SYS/broker/load/connections/1min,0.11
$SYS/broker/load/messages/received/5min,1665077.75
$SYS/broker/load/messages/sent/5min,1629558.45
$SYS/broker/load/publish/received/5min,1664840.19
$SYS/broker/load/publish/sent/5min,1629405.22
$SYS/broker/load/bytes/received/5min,38890002.85
$SYS/broker/load/bytes/sent/5min,38076372.15
$SYS/broker/load/sockets/5min,0.63
$SYS/broker/load/connections/5min,0.63
$SYS/broker/load/messages/received/15min,1032074.15
$SYS/broker/load/messages/sent/15min,1007083.90
$SYS/broker/load/publish/received/15min,1029589.31
$SYS/broker/load/publish/sent/15min,999663.19
$SYS/broker/load/bytes/received/15min,24072375.86
$SYS/broker/load/bytes/sent/15min,23394409.35
$SYS/broker/messages/stored,180
$SYS/broker/store/messages/count,180
$SYS/broker/store/messages/bytes,1439
$SYS/broker/messages/received,51137342
$SYS/broker/messages/sent,54358966
$SYS/broker/publish/messages/received,49121838
$SYS/broker/publish/messages/sent,47368269
$SYS/broker/bytes/received,1165442435
$SYS/broker/bytes/sent,1134736825
$SYS/broker/publish/bytes/received,312335487
$SYS/broker/publish/bytes/sent,301338381
$SYS/broker/uptime,7128 seconds
$SYS/broker/load/messages/received/1min,2294502.53
$SYS/broker/load/messages/sent/1min,2293888.19
$SYS/broker/load/publish/received/1min,2294257.26
$SYS/broker/load/publish/sent/1min,2293758.66
$SYS/broker/load/bytes/received/1min,53440189.69
$SYS/broker/load/bytes/sent/1min,53430403.66
$SYS/broker/load/sockets/1min,0.09
$SYS/broker/load/connections/1min,0.09
$SYS/broker/load/messages/received/5min,1692823.13
$SYS/broker/load/messages/sent/5min,1658582.61
$SYS/broker/load/publish/received/5min,1692594.12
$SYS/broker/load/publish/sent/5min,1658434.90
$SYS/broker/load/bytes/received/5min,39547030.56
$SYS/broker/load/bytes/sent/5min,38762692.67
$SYS/broker/load/sockets/5min,0.61
$SYS/broker/load/connections/5min,0.61
$SYS/broker/load/messages/received/15min,1049125.50
$SYS/broker/load/messages/sent/15min,1024438.83
$SYS/broker/load/publish/received/15min,1046670.84
$SYS/broker/load/publish/sent/15min,1017108.26
$SYS/broker/load/bytes/received/15min,24474069.34
$SYS/broker/load/bytes/sent/15min,23804338.65
$SYS/broker/messages/stored,214
$SYS/broker/store/messages/count,214
$SYS/broker/store/messages/bytes,1733
$SYS/broker/messages/received,51583892
$SYS/broker/messages/sent,54805516
$SYS/broker/publish/messages/received,49568388
$SYS/broker/publish/messages/sent,47814819
$SYS/broker/bytes/received,1175918003
$SYS/broker/bytes/sent,1145212393
$SYS/broker/publish/bytes/received,315219705
$SYS/broker/publish/bytes/sent,304222599
$SYS/broker/uptime,7139 seconds
$SYS/broker/load/messages/received/1min,2328109.97
$SYS/broker/load/messages/sent/1min,2327598.54
$SYS/broker/load/publish/received/1min,2327903.04
$SYS/broker/load/publish/sent/1min,2327487.97
$SYS/broker/load/bytes/received/1min,54519391.66
$SYS/broker/load/bytes/sent/1min,54511244.88
$SYS/broker/load/sockets/1min,0.07
$SYS/broker/load/connections/1min,0.07
$SYS/broker/load/messages/received/5min,1721708.35
$SYS/broker/load/messages/sent/5min,1688700.58
$SYS/broker/load/publish/received/5min,1721487.00
$SYS/broker/load/publish/sent/5min,1688557.59
$SYS/broker/load/bytes/received/5min,40279171.76
$SYS/broker/load/bytes/sent/5min,39523072.06
$SYS/broker/load/sockets/5min,0.59
$SYS/broker/load/connections/5min,0.59
$SYS/broker/load/messages/received/15min,1066691.35
$SYS/broker/load/messages/sent/15min,1042304.57
$SYS/broker/load/publish/received/15min,1064266.31
$SYS/broker/load/publish/sent/15min,1035062.86
$SYS/broker/load/bytes/received/15min,24904209.04
$SYS/broker/load/bytes/sent/15min,24242614.13
$SYS/broker/messages/stored,248
$SYS/broker/store/messages/count,248
$SYS/broker/store/messages/bytes,2027
$SYS/broker/messages/received,52041333
$SYS/broker/messages/sent,55262957
$SYS/broker/publish/messages/received,50025826
$SYS/broker/publish/messages/sent,48272257
$SYS/broker/bytes/received,1186896521
$SYS/broker/bytes/sent,1156190911
$SYS/broker/publish/bytes/received,318421771
$SYS/broker/publish/bytes/sent,307424665
$SYS/broker/uptime,7150 seconds
$SYS/broker/load/messages/received/1min,2310050.79
$SYS/broker/load/messages/sent/1min,2309607.67
$SYS/broker/load/publish/received/1min,2309365.94
$SYS/broker/load/publish/sent/1min,2309251.56
$SYS/broker/load/bytes/received/1min,53807867.69
$SYS/broker/load/bytes/sent/1min,53810211.49
$SYS/broker/load/sockets/1min,0.06
$SYS/broker/load/connections/1min,0.06
$SYS/broker/load/messages/received/5min,1739658.94
$SYS/broker/load/messages/sent/5min,1707835.80
$SYS/broker/load/publish/received/5min,1739335.39
$SYS/broker/load/publish/sent/5min,1707641.21
$SYS/broker/load/bytes/received/5min,40638929.53
$SYS/broker/load/bytes/sent/5min,39912012.80
$SYS/broker/load/sockets/5min,0.57
$SYS/broker/load/connections/5min,0.57
$SYS/broker/load/messages/received/15min,1080705.20
$SYS/broker/load/messages/sent/15min,1056613.41
$SYS/broker/load/publish/received/15min,1078272.45
$SYS/broker/load/publish/sent/15min,1049440.52
$SYS/broker/load/bytes/received/15min,25212369.42
$SYS/broker/load/bytes/sent/15min,24559473.27
$SYS/broker/messages/stored,51
$SYS/broker/store/messages/count,51
$SYS/broker/store/messages/bytes,349
$SYS/broker/messages/received,52448388
$SYS/broker/messages/sent,55670012
$SYS/broker/publish/messages/received,50432320
$SYS/broker/publish/messages/sent,48679023
$SYS/broker/bytes/received,1196113004
$SYS/broker/bytes/sent,1165418333
$SYS/broker/publish/bytes/received,320725597
$SYS/broker/publish/bytes/sent,309730641
$SYS/broker/uptime,7161 seconds
$SYS/broker/load/messages/received/1min,2321287.95
$SYS/broker/load/messages/sent/1min,2320919.05
$SYS/broker/load/publish/received/1min,2320717.82
$SYS/broker/load/publish/sent/1min,2320622.60
$SYS/broker/load/bytes/received/1min,53952968.82
$SYS/broker/load/bytes/sent/1min,53954920.01
$SYS/broker/load/sockets/1min,0.05
$SYS/broker/load/connections/1min,0.05
$SYS/broker/load/messages/received/5min,1762609.71
$SYS/broker/load/messages/sent/5min,1731932.29
$SYS/broker/load/publish/received/5min,1762297.81
$SYS/broker/load/publish/sent/5min,1731744.70
$SYS/broker/load/bytes/received/5min,41144231.76
$SYS/broker/load/bytes/sent/5min,40443485.91
$SYS/broker/load/sockets/5min,0.55
$SYS/broker/load/connections/5min,0.55
$SYS/broker/load/messages/received/15min,1096454.01
$SYS/broker/load/messages/sent/15min,1072654.88
$SYS/broker/load/publish/received/15min,1094050.81
$SYS/broker/load/publish/sent/15min,1065569.12
$SYS/broker/load/bytes/received/15min,25570265.58
$SYS/broker/load/bytes/sent/15min,24925300.70
$SYS/broker/messages/stored,74
$SYS/broker/store/messages/count,74
$SYS/broker/store/messages/bytes,566
$SYS/broker/messages/received,52884196
$SYS/broker/messages/sent,56105820
$SYS/broker/publish/messages/received,50868128
$SYS/broker/publish/messages/sent,49114831
$SYS/broker/bytes/received,1206136588
$SYS/broker/bytes/sent,1175441917
$SYS/broker/publish/bytes/received,323340445
$SYS/broker/publish/bytes/sent,312345489
$SYS/broker/uptime,7172 seconds
$SYS/broker/load/messages/received/1min,2333146.28
$SYS/broker/load/messages/sent/1min,2332839.18
$SYS/broker/load/publish/received/1min,2332671.66
$SYS/broker/load/publish/sent/1min,2332592.38
$SYS/broker/load/bytes/received/1min,54131344.74
$SYS/broker/load/bytes/sent/1min,54132969.09
$SYS/broker/load/messages/received/5min,1785272.27
$SYS/broker/load/messages/sent/5min,1755699.31
$SYS/broker/load/publish/received/5min,1784971.59
$SYS/broker/load/publish/sent/5min,1755518.48
$SYS/broker/load/bytes/received/5min,41643717.53
$SYS/broker/load/bytes/sent/5min,40968200.34
$SYS/broker/load/sockets/5min,0.53
$SYS/broker/load/connections/5min,0.53
$SYS/broker/load/messages/received/15min,1112193.06
$SYS/broker/load/messages/sent/15min,1088683.04
$SYS/broker/load/publish/received/15min,1109819.05
$SYS/broker/load/publish/sent/15min,1081683.36
$SYS/broker/load/bytes/received/15min,25927989.83
$SYS/broker/load/bytes/sent/15min,25290859.88
$SYS/broker/messages/stored,106
$SYS/broker/store/messages/count,106
$SYS/broker/store/messages/bytes,851
$SYS/broker/messages/received,53322744
$SYS/broker/messages/sent,56544368
$SYS/broker/publish/messages/received,51306676
$SYS/broker/publish/messages/sent,49553379
$SYS/broker/bytes/received,1216223192
$SYS/broker/bytes/sent,1185528521
$SYS/broker/publish/bytes/received,325971733
$SYS/broker/publish/bytes/sent,314976777
$SYS/broker/uptime,7183 seconds
$SYS/broker/load/messages/received/1min,2342011.35
$SYS/broker/load/messages/sent/1min,2341755.69
$SYS/broker/load/publish/received/1min,2341616.23
$SYS/broker/load/publish/sent/1min,2341550.23
$SYS/broker/load/bytes/received/1min,54256682.69
$SYS/broker/load/bytes/sent/1min,54258034.95
$SYS/broker/load/messages/received/5min,1806902.51
$SYS/broker/load/messages/sent/5min,1778394.25
$SYS/broker/load/publish/received/5min,1806612.66
$SYS/broker/load/publish/sent/5min,1778219.93
$SYS/broker/load/bytes/received/5min,42120243.13
$SYS/broker/load/bytes/sent/5min,41469046.31
$SYS/broker/load/sockets/5min,0.51
$SYS/broker/load/connections/5min,0.51
$SYS/broker/load/messages/received/15min,1127667.89
$SYS/broker/load/messages/sent/15min,1104443.47
$SYS/broker/load/publish/received/15min,1125322.72
$SYS/broker/load/publish/sent/15min,1097528.82
$SYS/broker/load/bytes/received/15min,26279689.06
$SYS/broker/load/bytes/sent/15min,25650298.86
$SYS/broker/messages/stored,138
$SYS/broker/store/messages/count,138
$SYS/broker/store/messages/bytes,1136
$SYS/broker/messages/received,53760190
$SYS/broker/messages/sent,56981814
$SYS/broker/publish/messages/received,51744122
$SYS/broker/publish/messages/sent,49990825
$SYS/broker/bytes/received,1226284450
$SYS/broker/bytes/sent,1195589779
$SYS/broker/publish/bytes/received,328596409
$SYS/broker/publish/bytes/sent,317601453
$SYS/broker/uptime,7194 seconds
$SYS/broker/load/messages/received/1min,2354455.09
$SYS/broker/load/messages/sent/1min,2354242.26
$SYS/broker/load/publish/received/1min,2354126.16
$SYS/broker/load/publish/sent/1min,2354071.22
$SYS/broker/load/bytes/received/1min,54545263.15
$SYS/broker/load/bytes/sent/1min,54546388.89
$SYS/broker/load/messages/received/5min,1828842.33
$SYS/broker/load/messages/sent/5min,1801360.44
$SYS/broker/load/publish/received/5min,1828562.91
$SYS/broker/load/publish/sent/5min,1801192.40
$SYS/broker/load/bytes/received/5min,42619210.58
$SYS/broker/load/bytes/sent/5min,41991458.53
$SYS/broker/load/sockets/5min,0.49
$SYS/broker/load/connections/5min,0.49
$SYS/broker/load/messages/received/15min,1143321.96
$SYS/broker/load/messages/sent/15min,1120379.66
$SYS/broker/load/publish/received/15min,1141005.28
$SYS/broker/load/publish/sent/15min,1113549.01
$SYS/broker/load/bytes/received/15min,26640476.89
$SYS/broker/load/bytes/sent/15min,26018732.41
$SYS/broker/messages/stored,170
$SYS/broker/store/messages/count,170
$SYS/broker/store/messages/bytes,1422
$SYS/broker/messages/received,54203178
$SYS/broker/messages/sent,57424802
$SYS/broker/publish/messages/received,52187110
$SYS/broker/publish/messages/sent,50433813
$SYS/broker/bytes/received,1236547350
$SYS/broker/bytes/sent,1205852679
$SYS/broker/publish/bytes/received,331328513
$SYS/broker/publish/bytes/sent,320333557
$SYS/broker/uptime,7205 seconds
$SYS/broker/load/messages/received/1min,2366587.86
$SYS/broker/load/messages/sent/1min,2366410.67
$SYS/broker/load/publish/received/1min,2366311.28
$SYS/broker/load/publish/sent/1min,2366265.54
$SYS/broker/load/bytes/received/1min,55164985.53
$SYS/broker/load/bytes/sent/1min,55165922.70
$SYS/broker/load/messages/received/5min,1850373.42
$SYS/broker/load/messages/sent/5min,1823880.96
$SYS/broker/load/publish/received/5min,1850103.48
$SYS/broker/load/publish/sent/5min,1823718.38
$SYS/broker/load/bytes/received/5min,43181775.48
$SYS/broker/load/bytes/sent/5min,42576624.12
$SYS/broker/load/sockets/5min,0.47
$SYS/broker/load/connections/5min,0.47
$SYS/broker/load/messages/received/15min,1158914.48
$SYS/broker/load/messages/sent/15min,1136250.88
$SYS/broker/load/publish/received/15min,1156625.74
$SYS/broker/load/publish/sent/15min,1129503.01
$SYS/broker/load/bytes/received/15min,27024402.07
$SYS/broker/load/bytes/sent/15min,26410210.44
$SYS/broker/messages/stored,202
$SYS/broker/store/messages/count,202
$SYS/broker/store/messages/bytes,1708
$SYS/broker/messages/received,54648107
$SYS/broker/messages/sent,57869731
$SYS/broker/publish/messages/received,52632036
$SYS/broker/publish/messages/sent,50878739
$SYS/broker/bytes/received,1247225580
$SYS/broker/bytes/sent,1216530909
$SYS/broker/publish/bytes/received,334442995
$SYS/broker/publish/bytes/sent,323448039
$SYS/broker/uptime,7216 seconds
$SYS/broker/load/messages/received/1min,2350207.78
$SYS/broker/load/messages/sent/1min,2350046.57
$SYS/broker/load/publish/received/1min,2349549.01
$SYS/broker/load/publish/sent/1min,2349700.07
$SYS/broker/load/bytes/received/1min,54683275.12
$SYS/broker/load/bytes/sent/1min,54691414.14
$SYS/broker/load/messages/received/5min,1865437.93
$SYS/broker/load/messages/sent/5min,1839896.32
$SYS/broker/load/publish/received/5min,1865085.60
$SYS/broker/load/publish/sent/5min,1839691.08
$SYS/broker/load/bytes/received/5min,43509668.60
$SYS/broker/load/bytes/sent/5min,42927885.88
$SYS/broker/load/sockets/5min,0.46
$SYS/broker/load/connections/5min,0.46
$SYS/broker/load/messages/received/15min,1172397.20
$SYS/broker/load/messages/sent/15min,1150007.92
$SYS/broker/load/publish/received/15min,1170105.20
$SYS/broker/load/publish/sent/15min,1143325.66
$SYS/broker/load/bytes/received/15min,27331315.42
$SYS/broker/load/bytes/sent/15min,26725118.56
$SYS/broker/messages/stored,55
$SYS/broker/store/messages/count,55
$SYS/broker/store/messages/bytes,357
$SYS/broker/messages/received,55064054
$SYS/broker/messages/sent,58285678
$SYS/broker/publish/messages/received,53047514
$SYS/broker/publish/messages/sent,51294439
$SYS/broker/bytes/received,1256811945
$SYS/broker/bytes/sent,1226126090
$SYS/broker/publish/bytes/received,336964343
$SYS/broker/publish/bytes/sent,325971164
$SYS/broker/uptime,7227 seconds
$SYS/broker/load/messages/received/1min,2345365.76
$SYS/broker/load/messages/sent/1min,2345231.55
$SYS/broker/load/publish/received/1min,2344817.34
$SYS/broker/load/publish/sent/1min,2344943.10
$SYS/broker/load/bytes/received/1min,54450526.82
$SYS/broker/load/bytes/sent/1min,54457302.48
$SYS/broker/load/messages/received/5min,1881850.21
$SYS/broker/load/messages/sent/5min,1857228.16
$SYS/broker/load/publish/received/5min,1881510.57
$SYS/broker/load/publish/sent/5min,1857030.31
$SYS/broker/load/bytes/received/5min,43861923.02
$SYS/broker/load/bytes/sent/5min,43301085.99
$SYS/broker/load/sockets/5min,0.44
$SYS/broker/load/connections/5min,0.44
$SYS/broker/load/messages/received/15min,1186353.91
$SYS/broker/load/messages/sent/15min,1164236.61
$SYS/broker/load/publish/received/15min,1184089.74
$SYS/broker/load/publish/sent/15min,1157635.52
$SYS/broker/load/bytes/received/15min,27646703.51
$SYS/broker/load/bytes/sent/15min,27047870.63
$SYS/broker/messages/stored,76
$SYS/broker/store/messages/count,76
$SYS/broker/store/messages/bytes,566
$SYS/broker/messages/received,55489626
$SYS/broker/messages/sent,58711250
$SYS/broker/publish/messages/received,53473086
$SYS/broker/publish/messages/sent,51720011
$SYS/broker/bytes/received,1266582477
$SYS/broker/bytes/sent,1235896622
$SYS/broker/publish/bytes/received,339500151
$SYS/broker/publish/bytes/sent,328506972
$SYS/broker/uptime,7238 seconds
$SYS/broker/load/messages/received/1min,2350321.85
$SYS/broker/load/messages/sent/1min,2350210.13
$SYS/broker/load/publish/received/1min,2349865.30
$SYS/broker/load/publish/sent/1min,2349969.99
$SYS/broker/load/bytes/received/1min,54479570.59
$SYS/broker/load/bytes/sent/1min,54485211.26
$SYS/broker/load/messages/received/5min,1899603.17
$SYS/broker/load/messages/sent/5min,1875867.58
$SYS/broker/load/publish/received/5min,1899275.76
$SYS/broker/load/publish/sent/5min,1875676.86
$SYS/broker/load/bytes/received/5min,44249382.48
$SYS/broker/load/bytes/sent/5min,43708737.03
$SYS/broker/load/sockets/5min,0.42
$SYS/broker/load/connections/5min,0.42
$SYS/broker/load/messages/received/15min,1200792.81
$SYS/broker/load/messages/sent/15min,1178944.19
$SYS/broker/load/publish/received/15min,1198556.15
$SYS/broker/load/publish/sent/15min,1172423.28
$SYS/broker/load/bytes/received/15min,27974418.18
$SYS/broker/load/bytes/sent/15min,27382859.82
$SYS/broker/messages/stored,108
$SYS/broker/store/messages/count,108
$SYS/broker/store/messages/bytes,851
$SYS/broker/messages/received,55925034
$SYS/broker/messages/sent,59146658
$SYS/broker/publish/messages/received,53908494
$SYS/broker/publish/messages/sent,52155419
$SYS/broker/bytes/received,1276596861
$SYS/broker/bytes/sent,1245911006
$SYS/broker/publish/bytes/received,342112599
$SYS/broker/publish/bytes/sent,331119420
$SYS/broker/uptime,7249 seconds
$SYS/broker/load/messages/received/1min,2360754.03
$SYS/broker/load/messages/sent/1min,2360661.02
$SYS/broker/load/publish/received/1min,2360373.95
$SYS/broker/load/publish/sent/1min,2360461.10
$SYS/broker/load/bytes/received/1min,54648793.50
$SYS/broker/load/bytes/sent/1min,54653489.30
$SYS/broker/load/messages/received/5min,1918072.39
$SYS/broker/load/messages/sent/5min,1895191.34
$SYS/broker/load/publish/received/5min,1917756.76
$SYS/broker/load/publish/sent/5min,1895007.48
$SYS/broker/load/bytes/received/5min,44654066.57
$SYS/broker/load/bytes/sent/5min,44132885.76
$SYS/broker/load/sockets/5min,0.41
$SYS/broker/load/connections/5min,0.41
$SYS/broker/load/messages/received/15min,1215513.64
$SYS/broker/load/messages/sent/15min,1193930.43
$SYS/broker/load/publish/received/15min,1213304.15
$SYS/broker/load/publish/sent/15min,1187488.75
$SYS/broker/load/bytes/received/15min,28308670.47
$SYS/broker/load/bytes/sent/15min,27724298.27
$SYS/broker/messages/stored,140
$SYS/broker/store/messages/count,140
$SYS/broker/store/messages/bytes,1136
$SYS/broker/messages/received,56367344
$SYS/broker/messages/sent,59588968
$SYS/broker/publish/messages/received,54350804
$SYS/broker/publish/messages/sent,52597729
$SYS/broker/bytes/received,1286769991
$SYS/broker/bytes/sent,1256084136
$SYS/broker/publish/bytes/received,344766459
$SYS/broker/publish/bytes/sent,333773280
$SYS/broker/uptime,7260 seconds
$SYS/broker/load/messages/received/1min,2357206.26
$SYS/broker/load/messages/sent/1min,2357128.84
$SYS/broker/load/publish/received/1min,2356889.86
$SYS/broker/load/publish/sent/1min,2356962.41
$SYS/broker/load/bytes/received/1min,54508323.65
$SYS/broker/load/bytes/sent/1min,54512232.87
$SYS/broker/load/messages/received/5min,1933247.55
$SYS/broker/load/messages/sent/5min,1911190.28
$SYS/broker/load/publish/received/5min,1932943.29
$SYS/broker/load/publish/sent/5min,1911013.04
$SYS/broker/load/bytes/received/5min,44983711.58
$SYS/broker/load/bytes/sent/5min,44481294.62
$SYS/broker/load/sockets/5min,0.39
$SYS/broker/load/connections/5min,0.39
$SYS/broker/load/messages/received/15min,1229168.55
$SYS/broker/load/messages/sent/15min,1207847.53
$SYS/broker/load/publish/received/15min,1226985.90
$SYS/broker/load/publish/sent/15min,1201484.09
$SYS/broker/load/bytes/received/15min,28618459.00
$SYS/broker/load/bytes/sent/15min,28041185.65
$SYS/broker/messages/stored,172
$SYS/broker/store/messages/count,172
$SYS/broker/store/messages/bytes,1422
$SYS/broker/messages/received,56796266
$SYS/broker/messages/sent,60017890
$SYS/broker/publish/messages/received,54779726
$SYS/broker/publish/messages/sent,53026651
$SYS/broker/bytes/received,1296635197
$SYS/broker/bytes/sent,1265949342
$SYS/broker/publish/bytes/received,347339991
$SYS/broker/publish/bytes/sent,336346812
$SYS/broker/uptime,7271 seconds
$SYS/broker/load/messages/received/1min,2368996.96
$SYS/broker/load/messages/sent/1min,2368932.50
$SYS/broker/load/publish/received/1min,2368730.81
$SYS/broker/load/publish/sent/1min,2368791.21
$SYS/broker/load/bytes/received/1min,55059044.57
$SYS/broker/load/bytes/sent/1min,55062298.95
$SYS/broker/load/messages/received/5min,1951045.32
$SYS/broker/load/messages/sent/5min,1929782.17
$SYS/broker/load/publish/received/5min,1950751.43
$SYS/broker/load/publish/sent/5min,1929610.72
$SYS/broker/load/bytes/received/5min,45444988.01
$SYS/broker/load/bytes/sent/5min,44960659.35
$SYS/broker/load/sockets/5min,0.38
$SYS/broker/load/connections/5min,0.38
$SYS/broker/load/messages/received/15min,1243726.83
$SYS/broker/load/messages/sent/15min,1222664.81
$SYS/broker/load/publish/received/15min,1241570.49
$SYS/broker/load/publish/sent/15min,1216378.48
$SYS/broker/load/bytes/received/15min,28972903.24
$SYS/broker/load/bytes/sent/15min,28402642.51
$SYS/broker/messages/stored,204
$SYS/broker/store/messages/count,204
$SYS/broker/store/messages/bytes,1708
$SYS/broker/messages/received,57241325
$SYS/broker/messages/sent,60462949
$SYS/broker/publish/messages/received,55224782
$SYS/broker/publish/messages/sent,53471707
$SYS/broker/bytes/received,1307231135
$SYS/broker/bytes/sent,1276545280
$SYS/broker/publish/bytes/received,350369971
$SYS/broker/publish/bytes/sent,339376792
$SYS/broker/uptime,7282 seconds
$SYS/broker/load/messages/received/1min,2360526.98
$SYS/broker/load/messages/sent/1min,2360455.96
$SYS/broker/load/publish/received/1min,2359876.89
$SYS/broker/load/publish/sent/1min,2360116.31
$SYS/broker/load/bytes/received/1min,55015646.99
$SYS/broker/load/bytes/sent/1min,55025723.30
$SYS/broker/load/messages/received/5min,1964272.22
$SYS/broker/load/messages/sent/5min,1943770.86
$SYS/broker/load/publish/received/5min,1963896.80
$SYS/broker/load/publish/sent/5min,1943557.87
$SYS/broker/load/bytes/received/5min,45781791.51
$SYS/broker/load/bytes/sent/5min,45316483.34
$SYS/broker/load/sockets/5min,0.37
$SYS/broker/load/connections/5min,0.37
$SYS/broker/load/messages/received/15min,1256782.18
$SYS/broker/load/messages/sent/15min,1235974.76
$SYS/broker/load/publish/received/15min,1254620.96
$SYS/broker/load/publish/sent/15min,1229748.69
$SYS/broker/load/bytes/received/15min,29286646.16
$SYS/broker/load/bytes/sent/15min,28723847.12
$SYS/broker/messages/stored,51
$SYS/broker/store/messages/count,51
$SYS/broker/store/messages/bytes,349
$SYS/broker/messages/received,57666371
$SYS/broker/messages/sent,60887995
$SYS/broker/publish/messages/received,55649359
$SYS/broker/publish/messages/sent,53896510
$SYS/broker/bytes/received,1317277796
$SYS/broker/bytes/sent,1286600978
$SYS/broker/publish/bytes/received,353196932
$SYS/broker/publish/bytes/sent,342205583
$SYS/broker/uptime,7293 seconds
$SYS/broker/load/messages/received/1min,2355323.27
$SYS/broker/load/messages/sent/1min,2355264.15
$SYS/broker/load/publish/received/1min,2354782.08
$SYS/broker/load/publish/sent/1min,2354981.39
$SYS/broker/load/bytes/received/1min,54551697.51
$SYS/broker/load/bytes/sent/1min,54560085.94
$SYS/broker/load/messages/received/5min,1977419.99
$SYS/broker/load/messages/sent/5min,1957656.74
$SYS/broker/load/publish/received/5min,1977058.09
$SYS/broker/load/publish/sent/5min,1957451.41
$SYS/broker/load/bytes/received/5min,46014518.10
$SYS/broker/load/bytes/sent/5min,45565962.22
$SYS/broker/load/sockets/5min,0.35
$SYS/broker/load/connections/5min,0.35
$SYS/broker/load/messages/received/15min,1269812.91
$SYS/broker/load/messages/sent/15min,1249258.26
$SYS/broker/load/publish/received/15min,1267677.95
$SYS/broker/load/publish/sent/15min,1243107.83
$SYS/broker/load/bytes/received/15min,29565552.03
$SYS/broker/load/bytes/sent/15min,29009589.79
$SYS/broker/messages/stored,72
$SYS/broker/store/messages/count,72
$SYS/broker/store/messages/bytes,558
$SYS/broker/messages/received,58093439
$SYS/broker/messages/sent,61315063
$SYS/broker/publish/messages/received,56076427
$SYS/broker/publish/messages/sent,54323578
$SYS/broker/bytes/received,1326856221
$SYS/broker/bytes/sent,1296179403
$SYS/broker/publish/bytes/received,355515201
$SYS/broker/publish/bytes/sent,344523852
$SYS/broker/uptime,7304 seconds
$SYS/broker/load/messages/received/1min,2364255.24
$SYS/broker/load/messages/sent/1min,2364206.02
$SYS/broker/load/publish/received/1min,2363804.70
$SYS/broker/load/publish/sent/1min,2363970.63
$SYS/broker/load/bytes/received/1min,54693602.74
$SYS/broker/load/bytes/sent/1min,54700586.03
$SYS/broker/load/messages/received/5min,1992945.22
$SYS/broker/load/messages/sent/5min,1973893.50
$SYS/broker/load/publish/received/5min,1992596.35
$SYS/broker/load/publish/sent/5min,1973695.56
$SYS/broker/load/bytes/received/5min,46352378.15
$SYS/broker/load/bytes/sent/5min,45919971.44
$SYS/broker/load/sockets/5min,0.34
$SYS/broker/load/connections/5min,0.34
$SYS/broker/load/messages/received/15min,1283647.26
$SYS/broker/load/messages/sent/15min,1263342.30
$SYS/broker/load/publish/received/15min,1281538.23
$SYS/broker/load/publish/sent/15min,1257266.58
$SYS/broker/load/bytes/received/15min,29879370.60
$SYS/broker/load/bytes/sent/15min,29330162.09
$SYS/broker/messages/stored,104
$SYS/broker/store/messages/count,104
$SYS/broker/store/messages/bytes,843
$SYS/broker/messages/received,58535024
$SYS/broker/messages/sent,61756648
$SYS/broker/publish/messages/received,56518012
$SYS/broker/publish/messages/sent,54765163
$SYS/broker/bytes/received,1337012676
$SYS/broker/bytes/sent,1306335858
$SYS/broker/publish/bytes/received,358164711
$SYS/broker/publish/bytes/sent,347173362
$SYS/broker/uptime,7315 seconds
$SYS/broker/load/messages/received/1min,2375235.21
$SYS/broker/load/messages/sent/1min,2375194.23
$SYS/broker/load/publish/received/1min,2374860.14
$SYS/broker/load/publish/sent/1min,2374998.27
$SYS/broker/load/bytes/received/1min,54893253.98
$SYS/broker/load/bytes/sent/1min,54899067.50
$SYS/broker/load/messages/received/5min,2008673.25
$SYS/broker/load/messages/sent/5min,1990307.44
$SYS/broker/load/publish/received/5min,2008336.94
$SYS/broker/load/publish/sent/5min,1990116.63
$SYS/broker/load/bytes/received/5min,46695594.60
$SYS/broker/load/bytes/sent/5min,46278755.65
$SYS/broker/load/sockets/5min,0.33
$SYS/broker/load/connections/5min,0.33
$SYS/broker/load/messages/received/15min,1297570.58
$SYS/broker/load/messages/sent/15min,1277512.28
$SYS/broker/load/publish/received/15min,1295487.17
$SYS/broker/load/publish/sent/15min,1271510.37
$SYS/broker/load/bytes/received/15min,30195288.55
$SYS/broker/load/bytes/sent/15min,29652751.73
$SYS/broker/messages/stored,136
$SYS/broker/store/messages/count,136
$SYS/broker/store/messages/bytes,1128
$SYS/broker/messages/received,58980488
$SYS/broker/messages/sent,62202112
$SYS/broker/publish/messages/received,56963476
$SYS/broker/publish/messages/sent,55210627
$SYS/broker/bytes/received,1347258348
$SYS/broker/bytes/sent,1316581530
$SYS/broker/publish/bytes/received,360837495
$SYS/broker/publish/bytes/sent,349846146
$SYS/broker/uptime,7326 seconds
$SYS/broker/load/messages/received/1min,2393235.05
$SYS/broker/load/messages/sent/1min,2393200.94
$SYS/broker/load/publish/received/1min,2392922.81
$SYS/broker/load/publish/sent/1min,2393037.80
$SYS/broker/load/bytes/received/1min,55263221.40
$SYS/broker/load/bytes/sent/1min,55268061.10
$SYS/broker/load/messages/received/5min,2025739.12
$SYS/broker/load/messages/sent/5min,2008034.52
$SYS/broker/load/publish/received/5min,2025414.91
$SYS/broker/load/publish/sent/5min,2007850.58
$SYS/broker/load/bytes/received/5min,47070248.17
$SYS/broker/load/bytes/sent/5min,46668416.50
$SYS/broker/load/sockets/5min,0.32
$SYS/broker/load/connections/5min,0.32
$SYS/broker/load/messages/received/15min,1311967.22
$SYS/broker/load/messages/sent/15min,1292152.59
$SYS/broker/load/publish/received/15min,1309909.13
$SYS/broker/load/publish/sent/15min,1286223.59
$SYS/broker/load/bytes/received/15min,30522145.49
$SYS/broker/load/bytes/sent/15min,29986199.33
$SYS/broker/messages/stored,168
$SYS/broker/store/messages/count,168
$SYS/broker/store/messages/bytes,1414
$SYS/broker/messages/received,59435648
$SYS/broker/messages/sent,62657272
$SYS/broker/publish/messages/received,57418636
$SYS/broker/publish/messages/sent,55665787
$SYS/broker/bytes/received,1357727028
$SYS/broker/bytes/sent,1327050210
$SYS/broker/publish/bytes/received,363568455
$SYS/broker/publish/bytes/sent,352577106
$SYS/broker/uptime,7337 seconds
$SYS/broker/load/messages/received/1min,2398308.06
$SYS/broker/load/messages/sent/1min,2398279.66
$SYS/broker/load/publish/received/1min,2398048.13
$SYS/broker/load/publish/sent/1min,2398143.86
$SYS/broker/load/bytes/received/1min,55343247.10
$SYS/broker/load/bytes/sent/1min,55347276.11
$SYS/broker/load/messages/received/5min,2040060.26
$SYS/broker/load/messages/sent/5min,2022993.07
$SYS/broker/load/publish/received/5min,2039747.72
$SYS/broker/load/publish/sent/5min,2022815.75
$SYS/broker/load/bytes/received/5min,47382416.22
$SYS/broker/load/bytes/sent/5min,46995051.53
$SYS/broker/load/sockets/5min,0.30
$SYS/broker/load/connections/5min,0.30
$SYS/broker/load/messages/received/15min,1325470.18
$SYS/broker/load/messages/sent/15min,1305896.26
$SYS/broker/load/publish/received/15min,1323437.09
$SYS/broker/load/publish/sent/15min,1300039.28
$SYS/broker/load/bytes/received/15min,30828499.47
$SYS/broker/load/bytes/sent/15min,30299063.89
$SYS/broker/messages/stored,200
$SYS/broker/store/messages/count,200
$SYS/broker/store/messages/bytes,1700
$SYS/broker/messages/received,59879960
$SYS/broker/messages/sent,63101584
$SYS/broker/publish/messages/received,57862948
$SYS/broker/publish/messages/sent,56110099
$SYS/broker/bytes/received,1367946204
$SYS/broker/bytes/sent,1337269386
$SYS/broker/publish/bytes/received,366234327
$SYS/broker/publish/bytes/sent,355242978
$SYS/broker/uptime,7348 seconds
$SYS/broker/load/messages/received/1min,2403821.43
$SYS/broker/load/messages/sent/1min,2403797.78
$SYS/broker/load/publish/received/1min,2403603.20
$SYS/broker/load/publish/sent/1min,2403682.90
$SYS/broker/load/bytes/received/1min,55439502.29
$SYS/broker/load/bytes/sent/1min,55442856.40
$SYS/broker/load/messages/received/5min,2054143.08
$SYS/broker/load/messages/sent/5min,2037690.36
$SYS/broker/load/publish/received/5min,2053841.41
$SYS/broker/load/publish/sent/5min,2037519.04
$SYS/broker/load/bytes/received/5min,47689714.72
$SYS/broker/load/bytes/sent/5min,47316296.16
$SYS/broker/load/sockets/5min,0.29
$SYS/broker/load/connections/5min,0.29
$SYS/broker/load/messages/received/15min,1338902.67
$SYS/broker/load/messages/sent/15min,1319566.53
$SYS/broker/load/publish/received/15min,1336894.14
$SYS/broker/load/publish/sent/15min,1313780.56
$SYS/broker/load/bytes/received/15min,31133281.02
$SYS/broker/load/bytes/sent/15min,30610276.93
$SYS/broker/messages/stored,232
$SYS/broker/store/messages/count,232
$SYS/broker/store/messages/bytes,1986
$SYS/broker/messages/received,60325684
$SYS/broker/messages/sent,63547308
$SYS/broker/publish/messages/received,58308670
$SYS/broker/publish/messages/sent,56555821
$SYS/broker/bytes/received,1378197814
$SYS/broker/bytes/sent,1347520996
$SYS/broker/publish/bytes/received,368908659
$SYS/broker/publish/bytes/sent,357917310
$SYS/broker/uptime,7359 seconds
$SYS/broker/load/messages/received/1min,2404058.44
$SYS/broker/load/messages/sent/1min,2404021.40
$SYS/broker/load/publish/received/1min,2403380.64
$SYS/broker/load/publish/sent/1min,2403666.27
$SYS/broker/load/bytes/received/1min,55279831.04
$SYS/broker/load/bytes/sent/1min,55291145.27
$SYS/broker/load/messages/received/5min,2066783.35
$SYS/broker/load/messages/sent/5min,2050919.24
$SYS/broker/load/publish/received/5min,2066385.91
$SYS/broker/load/publish/sent/5min,2050698.31
$SYS/broker/load/bytes/received/5min,47934409.17
$SYS/broker/load/bytes/sent/5min,47576266.26
$SYS/broker/load/sockets/5min,0.28
$SYS/broker/load/connections/5min,0.28
$SYS/broker/load/messages/received/15min,1351856.31
$SYS/broker/load/messages/sent/15min,1332753.80
$SYS/broker/load/publish/received/15min,1349836.20
$SYS/broker/load/publish/sent/15min,1327019.31
$SYS/broker/load/bytes/received/15min,31416969.56
$SYS/broker/load/bytes/sent/15min,30900936.85
$SYS/broker/messages/stored,51
$SYS/broker/store/messages/count,51
$SYS/broker/store/messages/bytes,349
$SYS/broker/messages/received,60766644
$SYS/broker/messages/sent,63988268
$SYS/broker/publish/messages/received,58749087
$SYS/broker/publish/messages/sent,56996497
$SYS/broker/bytes/received,1388186968
$SYS/broker/bytes/sent,1357520451
$SYS/broker/publish/bytes/received,371408545
$SYS/broker/publish/bytes/sent,360419291
$SYS/broker/uptime,7370 seconds
$SYS/broker/load/messages/received/1min,2402074.78
$SYS/broker/load/messages/sent/1min,2402043.95
$SYS/broker/load/publish/received/1min,2401510.52
$SYS/broker/load/publish/sent/1min,2401748.30
$SYS/broker/load/bytes/received/1min,55083357.43
$SYS/broker/load/bytes/sent/1min,55092776.42
$SYS/broker/load/messages/received/5min,2078499.78
$SYS/broker/load/messages/sent/5min,2063206.82
$SYS/broker/load/publish/received/5min,2078116.64
$SYS/broker/load/publish/sent/5min,2062993.84
$SYS/broker/load/bytes/received/5min,48156635.52
$SYS/broker/load/bytes/sent/5min,47811386.68
$SYS/broker/load/sockets/5min,0.27
$SYS/broker/load/connections/5min,0.27
$SYS/broker/load/messages/received/15min,1364494.44
$SYS/broker/load/messages/sent/15min,1345623.98
$SYS/broker/load/publish/received/15min,1362498.86
$SYS/broker/load/publish/sent/15min,1339959.15
$SYS/broker/load/bytes/received/15min,31692603.31
$SYS/broker/load/bytes/sent/15min,31182839.29
$SYS/broker/messages/stored,72
$SYS/broker/store/messages/count,72
$SYS/broker/store/messages/bytes,558
$SYS/broker/messages/received,61205217
$SYS/broker/messages/sent,64426841
$SYS/broker/publish/messages/received,59187660
$SYS/broker/publish/messages/sent,57435070
$SYS/broker/bytes/received,1398106570
$SYS/broker/bytes/sent,1367440053
$SYS/broker/publish/bytes/received,373872406
$SYS/broker/publish/bytes/sent,362883152
$SYS/broker/uptime,7381 seconds
$SYS/broker/load/messages/received/1min,2412100.33
$SYS/broker/load/messages/sent/1min,2412074.66
$SYS/broker/load/publish/received/1min,2411630.59
$SYS/broker/load/publish/sent/1min,2411828.54
$SYS/broker/load/bytes/received/1min,55341477.34
$SYS/broker/load/bytes/sent/1min,55349318.56
$SYS/broker/load/messages/received/5min,2092304.09
$SYS/broker/load/messages/sent/5min,2077561.72
$SYS/broker/load/publish/received/5min,2091934.75
$SYS/broker/load/publish/sent/5min,2077356.41
$SYS/broker/load/bytes/received/5min,48461492.81
$SYS/broker/load/bytes/sent/5min,48128673.83
$SYS/broker/load/messages/received/15min,1377825.85
$SYS/broker/load/messages/sent/15min,1359184.62
$SYS/broker/load/publish/received/15min,1375854.52
$SYS/broker/load/publish/sent/15min,1353588.61
$SYS/broker/load/bytes/received/15min,31995469.25
$SYS/broker/load/bytes/sent/15min,31491897.76
$SYS/broker/messages/stored,102
$SYS/broker/store/messages/count,102
$SYS/broker/store/messages/bytes,835
$SYS/broker/messages/received,61656570
$SYS/broker/messages/sent,64878194
$SYS/broker/publish/messages/received,59639013
$SYS/broker/publish/messages/sent,57886423
$SYS/broker/bytes/received,1408487689
$SYS/broker/bytes/sent,1377821172
$SYS/broker/publish/bytes/received,376580524
$SYS/broker/publish/bytes/sent,365591270
$SYS/broker/uptime,7392 seconds
$SYS/broker/load/messages/received/1min,2414651.90
$SYS/broker/load/messages/sent/1min,2414630.53
$SYS/broker/load/publish/received/1min,2414260.84
$SYS/broker/load/publish/sent/1min,2414425.64
$SYS/broker/load/bytes/received/1min,55423083.79
$SYS/broker/load/bytes/sent/1min,55429611.53
$SYS/broker/load/messages/received/5min,2104365.99
$SYS/broker/load/messages/sent/5min,2090154.38
$SYS/broker/load/publish/received/5min,2104009.95
$SYS/broker/load/publish/sent/5min,2089956.46
$SYS/broker/load/bytes/received/5min,48726729.62
$SYS/broker/load/bytes/sent/5min,48405892.98
$SYS/broker/load/messages/received/15min,1390575.08
$SYS/broker/load/messages/sent/15min,1372160.31
$SYS/broker/load/publish/received/15min,1388627.70
$SYS/broker/load/publish/sent/15min,1366632.27
$SYS/broker/load/bytes/received/15min,32284990.82
$SYS/broker/load/bytes/sent/15min,31787536.62
$SYS/broker/messages/stored,132
$SYS/broker/store/messages/count,132
$SYS/broker/store/messages/bytes,1112
$SYS/broker/messages/received,62101581
$SYS/broker/messages/sent,65323205
$SYS/broker/publish/messages/received,60084024
$SYS/broker/publish/messages/sent,58331434
$SYS/broker/bytes/received,1418722942
$SYS/broker/bytes/sent,1388056425
$SYS/broker/publish/bytes/received,379250590
$SYS/broker/publish/bytes/sent,368261336
$SYS/broker/uptime,7403 seconds
$SYS/broker/load/messages/received/1min,2417253.00
$SYS/broker/load/messages/sent/1min,2417235.21
$SYS/broker/load/publish/received/1min,2416927.45
$SYS/broker/load/publish/sent/1min,2417064.64
$SYS/broker/load/bytes/received/1min,55501990.13
$SYS/broker/load/bytes/sent/1min,55507424.41
$SYS/broker/load/messages/received/5min,2116096.14
$SYS/broker/load/messages/sent/5min,2102396.18
$SYS/broker/load/publish/received/5min,2115752.91
$SYS/broker/load/publish/sent/5min,2102205.39
$SYS/broker/load/bytes/received/5min,48984774.93
$SYS/broker/load/bytes/sent/5min,48675489.23
$SYS/broker/load/messages/received/15min,1403204.03
$SYS/broker/load/messages/sent/15min,1385012.96
$SYS/broker/load/publish/received/15min,1401280.30
$SYS/broker/load/publish/sent/15min,1379552.08
$SYS/broker/load/bytes/received/15min,32571790.85
$SYS/broker/load/bytes/sent/15min,32080379.65
$SYS/broker/messages/stored,162
$SYS/broker/store/messages/count,162
$SYS/broker/store/messages/bytes,1390
$SYS/broker/messages/received,62547114
$SYS/broker/messages/sent,65768738
$SYS/broker/publish/messages/received,60529557
$SYS/broker/publish/messages/sent,58776967
$SYS/broker/bytes/received,1428970201
$SYS/broker/bytes/sent,1398303684
$SYS/broker/publish/bytes/received,381923788
$SYS/broker/publish/bytes/sent,370934534
$SYS/broker/uptime,7414 seconds
$SYS/broker/load/messages/received/1min,2423691.71
$SYS/broker/load/messages/sent/1min,2423676.90
$SYS/broker/load/publish/received/1min,2423420.69
$SYS/broker/load/publish/sent/1min,2423534.90
$SYS/broker/load/bytes/received/1min,55665965.20
$SYS/broker/load/bytes/sent/1min,55670489.19
$SYS/broker/load/messages/received/5min,2128322.43
$SYS/broker/load/messages/sent/5min,2115115.70
$SYS/broker/load/publish/received/5min,2127991.56
$SYS/broker/load/publish/sent/5min,2114931.78
$SYS/broker/load/bytes/received/5min,49254654.48
$SYS/broker/load/bytes/sent/5min,48956503.87
$SYS/broker/load/messages/received/15min,1415989.47
$SYS/broker/load/messages/sent/15min,1398019.38
$SYS/broker/load/publish/received/15min,1414089.11
$SYS/broker/load/publish/sent/15min,1392624.83
$SYS/broker/load/bytes/received/15min,32862234.63
$SYS/broker/load/bytes/sent/15min,32376793.01
$SYS/broker/messages/stored,192
$SYS/broker/store/messages/count,192
$SYS/broker/store/messages/bytes,1668
$SYS/broker/messages/received,62997324
$SYS/broker/messages/sent,66218948
$SYS/broker/publish/messages/received,60979767
$SYS/broker/publish/messages/sent,59227177
$SYS/broker/bytes/received,1439325031
$SYS/broker/bytes/sent,1408658514
$SYS/broker/publish/bytes/received,384625048
$SYS/broker/publish/bytes/sent,373635794
$SYS/broker/uptime,7425 seconds
$SYS/broker/load/messages/received/1min,2445234.20
$SYS/broker/load/messages/sent/1min,2445221.87
$SYS/broker/load/publish/received/1min,2445006.75
$SYS/broker/load/publish/sent/1min,2445101.83
$SYS/broker/load/bytes/received/1min,56174627.90
$SYS/broker/load/bytes/sent/1min,56178394.08
$SYS/broker/load/messages/received/5min,2143586.59
$SYS/broker/load/messages/sent/5min,2130855.34
$SYS/broker/load/publish/received/5min,2143267.24
$SYS/broker/load/publish/sent/5min,2130677.65
$SYS/broker/load/bytes/received/5min,49594804.49
$SYS/broker/load/bytes/sent/5min,49307388.08
$SYS/broker/load/messages/received/15min,1429793.13
$SYS/broker/load/messages/sent/15min,1412041.34
$SYS/broker/load/publish/received/15min,1427915.73
$SYS/broker/load/publish/sent/15min,1406712.20
$SYS/broker/load/bytes/received/15min,33176138.95
$SYS/broker/load/bytes/sent/15min,32696594.40
$SYS/broker/messages/stored,222
$SYS/broker/store/messages/count,222
$SYS/broker/store/messages/bytes,1946
$SYS/broker/messages/received,63465245
$SYS/broker/messages/sent,66686869
$SYS/broker/publish/messages/received,61447686
$SYS/broker/publish/messages/sent,59695096
$SYS/broker/bytes/received,1450087172
$SYS/broker/bytes/sent,1419420655
$SYS/broker/publish/bytes/received,387432562
$SYS/broker/publish/bytes/sent,376443308
$SYS/broker/uptime,7436 seconds
$SYS/broker/load/messages/received/1min,2415268.96
$SYS/broker/load/messages/sent/1min,2415241.34
$SYS/broker/load/publish/received/1min,2414601.75
$SYS/broker/load/publish/sent/1min,2414891.05
$SYS/broker/load/bytes/received/1min,55289719.86
$SYS/broker/load/bytes/sent/1min,55301039.07
$SYS/broker/load/messages/received/5min,2148006.29
$SYS/broker/load/messages/sent/5min,2135729.67
$SYS/broker/load/publish/received/5min,2147595.73
$SYS/broker/load/publish/sent/5min,2135504.56
$SYS/broker/load/bytes/received/5min,49641502.96
$SYS/broker/load/bytes/sent/5min,49366193.23
$SYS/broker/load/messages/received/15min,1439955.45
$SYS/broker/load/messages/sent/15min,1422418.05
$SYS/broker/load/publish/received/15min,1438066.20
$SYS/broker/load/publish/sent/15min,1417135.49
$SYS/broker/load/bytes/received/15min,33391346.97
$SYS/broker/load/bytes/sent/15min,32918221.34
$SYS/broker/messages/stored,51
$SYS/broker/store/messages/count,51
$SYS/broker/store/messages/bytes,349
$SYS/broker/messages/received,63880742
$SYS/broker/messages/sent,67102366
$SYS/broker/publish/messages/received,61862660
$SYS/broker/publish/messages/sent,60110319
$SYS/broker/bytes/received,1459417352
$SYS/broker/bytes/sent,1428760769
$SYS/broker/publish/bytes/received,389706085
$SYS/broker/publish/bytes/sent,378718891
$SYS/broker/uptime,7447 seconds
$SYS/broker/load/messages/received/1min,2426793.02
$SYS/broker/load/messages/sent/1min,2426770.02
$SYS/broker/load/publish/received/1min,2426237.58
$SYS/broker/load/publish/sent/1min,2426478.41
$SYS/broker/load/bytes/received/1min,55520431.78
$SYS/broker/load/bytes/sent/1min,55529854.92
$SYS/broker/load/messages/received/5min,2160105.29
$SYS/broker/load/messages/sent/5min,2148270.66
$SYS/broker/load/publish/received/5min,2159709.51
$SYS/broker/load/publish/sent/5min,2148053.66
$SYS/broker/load/bytes/received/5min,49894440.00
$SYS/broker/load/bytes/sent/5min,49629042.14
$SYS/broker/load/messages/received/15min,1452639.13
$SYS/broker/load/messages/sent/15min,1435314.77
$SYS/broker/load/publish/received/15min,1450772.83
$SYS/broker/load/publish/sent/15min,1430096.38
$SYS/broker/load/bytes/received/15min,33674096.08
$SYS/broker/load/bytes/sent/15min,33206717.90
$SYS/broker/messages/stored,70
$SYS/broker/store/messages/count,70
$SYS/broker/store/messages/bytes,550
$SYS/broker/messages/received,64336154
$SYS/broker/messages/sent,67557778
$SYS/broker/publish/messages/received,62318072
$SYS/broker/publish/messages/sent,60565731
$SYS/broker/bytes/received,1469806307
$SYS/broker/bytes/sent,1439149724
$SYS/broker/publish/bytes/received,392353036
$SYS/broker/publish/bytes/sent,381365842
$SYS/broker/uptime,7458 seconds
$SYS/broker/load/messages/received/1min,2397107.26
$SYS/broker/load/messages/sent/1min,2397088.12
$SYS/broker/load/publish/received/1min,2396644.86
$SYS/broker/load/publish/sent/1min,2396845.36
$SYS/broker/load/bytes/received/1min,54887209.91
$SYS/broker/load/bytes/sent/1min,54895054.58
$SYS/broker/load/messages/received/5min,2163326.41
$SYS/broker/load/messages/sent/5min,2151917.86
$SYS/broker/load/publish/received/5min,2162944.89
$SYS/broker/load/publish/sent/5min,2151708.67
$SYS/broker/load/bytes/received/5min,49960892.66
$SYS/broker/load/bytes/sent/5min,49705049.80
$SYS/broker/load/messages/received/15min,1462320.17
$SYS/broker/load/messages/sent/15min,1445206.26
$SYS/broker/load/publish/received/15min,1460476.54
$SYS/broker/load/publish/sent/15min,1440051.26
$SYS/broker/load/bytes/received/15min,33893560.29
$SYS/broker/load/bytes/sent/15min,33431859.74
$SYS/broker/messages/stored,100
$SYS/broker/store/messages/count,100
$SYS/broker/store/messages/bytes,827
$SYS/broker/messages/received,64748576
$SYS/broker/messages/sent,67970200
$SYS/broker/publish/messages/received,62730494
$SYS/broker/publish/messages/sent,60978153
$SYS/broker/bytes/received,1479292013
$SYS/broker/bytes/sent,1448635430
$SYS/broker/publish/bytes/received,394827568
$SYS/broker/publish/bytes/sent,383840374
$SYS/broker/uptime,7469 seconds
$SYS/broker/load/messages/received/1min,2412819.34
$SYS/broker/load/messages/sent/1min,2412803.40
$SYS/broker/load/publish/received/1min,2412434.39
$SYS/broker/load/publish/sent/1min,2412601.31
$SYS/broker/load/bytes/received/1min,55289838.08
$SYS/broker/load/bytes/sent/1min,55296368.69
$SYS/broker/load/messages/received/5min,2175120.10
$SYS/broker/load/messages/sent/5min,2164122.29
$SYS/broker/load/publish/received/5min,2174752.31
$SYS/broker/load/publish/sent/5min,2163920.63
$SYS/broker/load/bytes/received/5min,50224789.19
$SYS/broker/load/bytes/sent/5min,49978157.34
$SYS/broker/load/messages/received/15min,1474815.25
$SYS/broker/load/messages/sent/15min,1457909.24
$SYS/broker/load/publish/received/15min,1472994.02
$SYS/broker/load/publish/sent/15min,1452816.86
$SYS/broker/load/bytes/received/15min,34177786.39
$SYS/broker/load/bytes/sent/15min,33721694.50
$SYS/broker/messages/stored,130
$SYS/broker/store/messages/count,130
$SYS/broker/store/messages/bytes,1104
$SYS/broker/messages/received,65205242
$SYS/broker/messages/sent,68426866
$SYS/broker/publish/messages/received,63187160
$SYS/broker/publish/messages/sent,61434819
$SYS/broker/bytes/received,1489795331
$SYS/broker/bytes/sent,1459138748
$SYS/broker/publish/bytes/received,397567564
$SYS/broker/publish/bytes/sent,386580370
$SYS/broker/uptime,7480 seconds
$SYS/broker/load/messages/received/1min,2386929.81
$SYS/broker/load/messages/sent/1min,2386916.54
$SYS/broker/load/publish/received/1min,2386609.34
$SYS/broker/load/publish/sent/1min,2386748.30
$SYS/broker/load/bytes/received/1min,54728719.41
$SYS/broker/load/bytes/sent/1min,54734156.09
$SYS/broker/load/messages/received/5min,2178113.49
$SYS/broker/load/messages/sent/5min,2167511.62
$SYS/broker/load/publish/received/5min,2177758.94
$SYS/broker/load/publish/sent/5min,2167317.23
$SYS/broker/load/bytes/received/5min,50286543.51
$SYS/broker/load/bytes/sent/5min,50048791.04
$SYS/broker/load/messages/received/15min,1484332.45
$SYS/broker/load/messages/sent/15min,1467631.81
$SYS/broker/load/publish/received/15min,1482533.34
$SYS/broker/load/publish/sent/15min,1462601.30
$SYS/broker/load/bytes/received/15min,34393559.59
$SYS/broker/load/bytes/sent/15min,33943008.23
$SYS/broker/messages/stored,160
$SYS/broker/store/messages/count,160
$SYS/broker/store/messages/bytes,1382
$SYS/broker/messages/received,65619257
$SYS/broker/messages/sent,68840881
$SYS/broker/publish/messages/received,63601175
$SYS/broker/publish/messages/sent,61848834
$SYS/broker/bytes/received,1499317676
$SYS/broker/bytes/sent,1468661093
$SYS/broker/publish/bytes/received,400051654
$SYS/broker/publish/bytes/sent,389064460
$SYS/broker/uptime,7491 seconds
$SYS/broker/load/messages/received/1min,2409718.27
$SYS/broker/load/messages/sent/1min,2409707.23
$SYS/broker/load/publish/received/1min,2409449.66
$SYS/broker/load/publish/sent/1min,2409565.34
$SYS/broker/load/bytes/received/1min,55281403.94
$SYS/broker/load/bytes/sent/1min,55285929.93
$SYS/broker/load/messages/received/5min,2190529.31
$SYS/broker/load/messages/sent/5min,2180309.14
$SYS/broker/load/publish/received/5min,2190187.13
$SYS/broker/load/publish/sent/5min,2180121.35
$SYS/broker/load/bytes/received/5min,50565261.13
$SYS/broker/load/bytes/sent/5min,50336068.37
$SYS/broker/load/messages/received/15min,1496949.68
$SYS/broker/load/messages/sent/15min,1480451.92
$SYS/broker/load/publish/received/15min,1495172.30
$SYS/broker/load/publish/sent/15min,1475482.38
$SYS/broker/load/bytes/received/15min,34680668.60
$SYS/broker/load/bytes/sent/15min,34235590.47
$SYS/broker/messages/stored,190
$SYS/broker/store/messages/count,190
$SYS/broker/store/messages/bytes,1660
$SYS/broker/messages/received,66081802
$SYS/broker/messages/sent,69303426
$SYS/broker/publish/messages/received,64063718
$SYS/broker/publish/messages/sent,62311377
$SYS/broker/bytes/received,1509956169
$SYS/broker/bytes/sent,1479299586
$SYS/broker/publish/bytes/received,402826912
$SYS/broker/publish/bytes/sent,391839718
$SYS/broker/uptime,7502 seconds
$SYS/broker/load/messages/received/1min,2419532.48
$SYS/broker/load/messages/sent/1min,2419523.29
$SYS/broker/load/publish/received/1min,2419308.87
$SYS/broker/load/publish/sent/1min,2419405.17
$SYS/broker/load/bytes/received/1min,55530936.54
$SYS/broker/load/bytes/sent/1min,55534704.37
$SYS/broker/load/messages/received/5min,2200530.04
$SYS/broker/load/messages/sent/5min,2190677.82
$SYS/broker/load/publish/received/5min,2200200.18
$SYS/broker/load/publish/sent/5min,2190496.79
$SYS/broker/load/bytes/received/5min,50788686.20
$SYS/broker/load/bytes/sent/5min,50567744.97
$SYS/broker/load/messages/received/15min,1508749.57
$SYS/broker/load/messages/sent/15min,1492452.22
$SYS/broker/load/publish/received/15min,1506993.78
$SYS/broker/load/publish/sent/15min,1487543.05
$SYS/broker/load/bytes/received/15min,34949019.10
$SYS/broker/load/bytes/sent/15min,34509347.70
$SYS/broker/messages/stored,220
$SYS/broker/store/messages/count,220
$SYS/broker/store/messages/bytes,1938
$SYS/broker/messages/received,66534325
$SYS/broker/messages/sent,69755949
$SYS/broker/publish/messages/received,64516241
$SYS/broker/publish/messages/sent,62763900
$SYS/broker/bytes/received,1520364198
$SYS/broker/bytes/sent,1489707615
$SYS/broker/publish/bytes/received,405542050
$SYS/broker/publish/bytes/sent,394554856
$SYS/broker/uptime,7513 seconds
$SYS/broker/load/messages/received/1min,2377066.15
$SYS/broker/load/messages/sent/1min,2377041.14
$SYS/broker/load/publish/received/1min,2376409.45
$SYS/broker/load/publish/sent/1min,2376696.11
$SYS/broker/load/bytes/received/1min,54233773.66
$SYS/broker/load/bytes/sent/1min,54244956.28
$SYS/broker/load/messages/received/5min,2199287.45
$SYS/broker/load/messages/sent/5min,2189786.21
$SYS/broker/load/publish/received/5min,2198868.34
$SYS/broker/load/publish/sent/5min,2189558.68
$SYS/broker/load/bytes/received/5min,50680621.86
$SYS/broker/load/bytes/sent/5min,50469364.38
$SYS/broker/load/messages/received/15min,1516733.94
$SYS/broker/load/messages/sent/15min,1500633.31
$SYS/broker/load/publish/received/15min,1514965.35
$SYS/broker/load/publish/sent/15min,1495765.88
$SYS/broker/load/bytes/received/15min,35104974.15
$SYS/broker/load/bytes/sent/15min,34671227.31
$SYS/broker/messages/stored,51
$SYS/broker/store/messages/count,51
$SYS/broker/store/messages/bytes,349
$SYS/broker/messages/received,66931428
$SYS/broker/messages/sent,70153052
$SYS/broker/publish/messages/received,64912829
$SYS/broker/publish/messages/sent,63160733
$SYS/broker/bytes/received,1529125169
$SYS/broker/bytes/sent,1498478369
$SYS/broker/publish/bytes/received,407558958
$SYS/broker/publish/bytes/sent,396573803
$SYS/broker/uptime,7524 seconds
$SYS/broker/load/messages/received/1min,2399821.12
$SYS/broker/load/messages/sent/1min,2399800.29
$SYS/broker/load/publish/received/1min,2399274.42
$SYS/broker/load/publish/sent/1min,2399513.06
$SYS/broker/load/bytes/received/1min,54755854.27
$SYS/broker/load/bytes/sent/1min,54765163.70
$SYS/broker/load/messages/received/5min,2210578.64
$SYS/broker/load/messages/sent/5min,2201419.47
$SYS/broker/load/publish/received/5min,2210174.62
$SYS/broker/load/publish/sent/5min,2201200.13
$SYS/broker/load/bytes/received/5min,50920754.65
$SYS/broker/load/bytes/sent/5min,50717102.99
$SYS/broker/load/messages/received/15min,1528835.31
$SYS/broker/load/messages/sent/15min,1512930.27
$SYS/broker/load/publish/received/15min,1527088.21
$SYS/broker/load/publish/sent/15min,1508121.97
$SYS/broker/load/bytes/received/15min,35375209.09
$SYS/broker/load/bytes/sent/15min,34946731.33
$SYS/broker/messages/stored,70
$SYS/broker/store/messages/count,70
$SYS/broker/store/messages/bytes,550
$SYS/broker/messages/received,67392128
$SYS/broker/messages/sent,70613752
$SYS/broker/publish/messages/received,65373529
$SYS/broker/publish/messages/sent,63621433
$SYS/broker/bytes/received,1539639427
$SYS/broker/bytes/sent,1508992627
$SYS/broker/publish/bytes/received,410241316
$SYS/broker/publish/bytes/sent,399256161
$SYS/broker/uptime,7535 seconds
$SYS/broker/clients/total,5
$SYS/broker/clients/active,5
$SYS/broker/clients/connected,5
$SYS/broker/load/messages/received/1min,2398924.60
$SYS/broker/load/messages/sent/1min,2398907.27
$SYS/broker/load/publish/received/1min,2398469.48
$SYS/broker/load/publish/sent/1min,2398668.15
$SYS/broker/load/bytes/received/1min,54808943.83
$SYS/broker/load/bytes/sent/1min,54816693.84
$SYS/broker/load/messages/received/5min,2217199.18
$SYS/broker/load/messages/sent/5min,2208369.75
$SYS/broker/load/publish/received/5min,2216809.69
$SYS/broker/load/publish/sent/5min,2208158.31
$SYS/broker/load/bytes/received/5min,51070238.63
$SYS/broker/load/bytes/sent/5min,50873918.95
$SYS/broker/load/messages/received/15min,1539350.89
$SYS/broker/load/messages/sent/15min,1523639.05
$SYS/broker/load/publish/received/15min,1537625.01
$SYS/broker/load/publish/sent/15min,1518889.17
$SYS/broker/load/bytes/received/15min,35614492.03
$SYS/broker/load/bytes/sent/15min,35191219.34
$SYS/broker/messages/stored,100
$SYS/broker/store/messages/count,100
$SYS/broker/store/messages/bytes,827
$SYS/broker/subscriptions/count,22
$SYS/broker/messages/received,67831114
$SYS/broker/messages/sent,71052738
$SYS/broker/publish/messages/received,65812515
$SYS/broker/publish/messages/sent,64060419
$SYS/broker/bytes/received,1549736105
$SYS/broker/bytes/sent,1519089305
$SYS/broker/publish/bytes/received,412875232
$SYS/broker/publish/bytes/sent,401890077
$SYS/broker/uptime,7546 seconds
$SYS/broker/load/messages/received/1min,2413041.22
$SYS/broker/load/messages/sent/1min,2413026.79
$SYS/broker/load/publish/received/1min,2412662.33
$SYS/broker/load/publish/sent/1min,2412827.72
$SYS/broker/load/bytes/received/1min,55194988.37
$SYS/broker/load/bytes/sent/1min,55201440.18
$SYS/broker/load/messages/received/5min,2226775.83
$SYS/broker/load/messages/sent/5min,2218264.29
$SYS/broker/load/publish/received/5min,2226400.37
$SYS/broker/load/publish/sent/5min,2218060.46
$SYS/broker/load/bytes/received/5min,51287813.76
$SYS/broker/load/bytes/sent/5min,51098562.10
$SYS/broker/load/messages/received/15min,1550816.59
$SYS/broker/load/messages/sent/15min,1535295.62
$SYS/broker/load/publish/received/15min,1549111.67
$SYS/broker/load/publish/sent/15min,1530603.44
$SYS/broker/load/bytes/received/15min,35875659.12
$SYS/broker/load/bytes/sent/15min,35457528.28
$SYS/broker/messages/stored,130
$SYS/broker/store/messages/count,130
$SYS/broker/store/messages/bytes,1104
$SYS/broker/messages/received,68286367
$SYS/broker/messages/sent,71507991
$SYS/broker/publish/messages/received,66267768
$SYS/broker/publish/messages/sent,64515672
$SYS/broker/bytes/received,1560206924
$SYS/broker/bytes/sent,1529560124
$SYS/broker/publish/bytes/received,415606750
$SYS/broker/publish/bytes/sent,404621595
$SYS/broker/uptime,7557 seconds
$SYS/broker/load/messages/received/1min,2414563.52
$SYS/broker/load/messages/sent/1min,2414551.51
$SYS/broker/load/publish/received/1min,2414248.10
$SYS/broker/load/publish/sent/1min,2414385.79
$SYS/broker/load/bytes/received/1min,55281084.96
$SYS/broker/load/bytes/sent/1min,55286456.04
$SYS/broker/load/messages/received/5min,2233809.05
$SYS/broker/load/messages/sent/5min,2225603.95
$SYS/broker/load/publish/received/5min,2233447.11
$SYS/broker/load/publish/sent/5min,2225407.46
$SYS/broker/load/bytes/received/5min,51446986.78
$SYS/broker/load/bytes/sent/5min,51264548.67
$SYS/broker/load/messages/received/15min,1561401.15
$SYS/broker/load/messages/sent/15min,1546068.73
$SYS/broker/load/publish/received/15min,1559716.94
$SYS/broker/load/publish/sent/15min,1541433.54
$SYS/broker/load/bytes/received/15min,36116590.88
$SYS/broker/load/bytes/sent/15min,35703539.43
$SYS/broker/messages/stored,160
$SYS/broker/store/messages/count,160
$SYS/broker/store/messages/bytes,1382
$SYS/broker/messages/received,68730424
$SYS/broker/messages/sent,71952048
$SYS/broker/publish/messages/received,66711825
$SYS/broker/publish/messages/sent,64959729
$SYS/broker/bytes/received,1570420235
$SYS/broker/bytes/sent,1539773435
$SYS/broker/publish/bytes/received,418271092
$SYS/broker/publish/bytes/sent,407285937
$SYS/broker/uptime,7568 seconds
$SYS/broker/load/messages/received/1min,2436104.64
$SYS/broker/load/messages/sent/1min,2436094.64
$SYS/broker/load/publish/received/1min,2435841.14
$SYS/broker/load/publish/sent/1min,2435955.76
$SYS/broker/load/bytes/received/1min,55819038.09
$SYS/broker/load/bytes/sent/1min,55823509.46
$SYS/broker/load/messages/received/5min,2244946.48
$SYS/broker/load/messages/sent/5min,2237036.79
$SYS/broker/load/publish/received/5min,2244597.38
$SYS/broker/load/publish/sent/5min,2236847.17
$SYS/broker/load/bytes/received/5min,51700645.83
$SYS/broker/load/bytes/sent/5min,51524775.97
$SYS/broker/load/messages/received/15min,1573327.39
$SYS/broker/load/messages/sent/15min,1558181.23
$SYS/broker/load/publish/received/15min,1571663.58
$SYS/broker/load/publish/sent/15min,1553602.28
$SYS/broker/load/bytes/received/15min,36388410.51
$SYS/broker/load/bytes/sent/15min,35980376.74
$SYS/broker/messages/stored,190
$SYS/broker/store/messages/count,190
$SYS/broker/store/messages/bytes,1660
$SYS/broker/messages/received,69196670
$SYS/broker/messages/sent,72418294
$SYS/broker/publish/messages/received,67178070
$SYS/broker/publish/messages/sent,65425974
$SYS/broker/bytes/received,1581143872
$SYS/broker/bytes/sent,1550497072
$SYS/broker/publish/bytes/received,421068562
$SYS/broker/publish/bytes/sent,410083407
$SYS/broker/uptime,7579 seconds
$SYS/broker/load/messages/received/1min,2466598.79
$SYS/broker/load/messages/sent/1min,2466590.47
$SYS/broker/load/publish/received/1min,2466379.44
$SYS/broker/load/publish/sent/1min,2466474.86
$SYS/broker/load/bytes/received/1min,56555809.88
$SYS/broker/load/bytes/sent/1min,56559532.25
$SYS/broker/load/messages/received/5min,2258382.74
$SYS/broker/load/messages/sent/5min,2250757.82
$SYS/broker/load/publish/received/5min,2258046.20
$SYS/broker/load/publish/sent/5min,2250575.03
$SYS/broker/load/bytes/received/5min,52007272.05
$SYS/broker/load/bytes/sent/5min,51837733.96
$SYS/broker/load/messages/received/15min,1586019.71
$SYS/broker/load/messages/sent/15min,1571057.54
$SYS/broker/load/publish/received/15min,1584376.11
$SYS/broker/load/publish/sent/15min,1566534.22
$SYS/broker/load/bytes/received/15min,36677881.48
$SYS/broker/load/bytes/sent/15min,36274804.43
$SYS/broker/messages/stored,220
$SYS/broker/store/messages/count,220
$SYS/broker/store/messages/bytes,1938
$SYS/broker/messages/received,69676664
$SYS/broker/messages/sent,72898288
$SYS/broker/publish/messages/received,67658064
$SYS/broker/publish/messages/sent,65905968
$SYS/broker/bytes/received,1592183734
$SYS/broker/bytes/sent,1561536934
$SYS/broker/publish/bytes/received,423948526
$SYS/broker/publish/bytes/sent,412963371
